"VILLAGE_ID,N,11,0","NAME,C,30","TALUK,C,16","DISTRICT,C,29","T_POPULATÂ°,N,12,0","DENSITY,N,9,0","HOUSEHOLDS,N,14,0","PERS/HOUSE,N,13,1","MALE_POP,N,11,0","FEMALE_POP,N,13,0","SR_POPULAT,N,13,0","T_CHILDREN,N,12,0","M_CHILDREN,N,12,0","F_CHILDREN,N,12,0","SR_CHILDRE,N,12,0","T_SC,N,6,0","T%_SC,N,7,1","M_SC,N,6,0","F_SC,N,5,0","SR_SC,N,7,0","T_ST,N,5,0","T%_ST,N,7,1","M_ST,N,6,0","F_ST,N,5,0","SR_ST,N,7,0","T_LITTERAT,N,11,0","T%_LITTERA,N,12,2","M_LITTERAT,N,12,0","F_LITTERAT,N,11,0","SR_LITTERA,N,12,0","T_WORKERS,N,12,0","T%_WORKERS,N,14,1","M_WORKERS,N,13,0","F_WORKERS,N,13,0","SR_WORKERS,N,14,0","T_MARGINAL,N,12,0","T%_MARGINA,N,13,1","M_MARGINAL,N,13,0","F_MARGINAL,N,12,0","SR_MARGINA,N,13,0","T_NONWORK,N,13,0","T%_NONWORK,N,14,1","M_NONWORK,N,13,0","F_NONWORK,N,13,0","SR_NONWORK,N,14,0","T_PRIMARY,N,11,0","T%_PRIMARY,N,13,2","M_PRIMARY,N,12,0","F_PRIMARY,N,11,0","SR_PRIMARY,N,13,0","T_SECUND,N,10,0","T%_SECUND,N,12,2","M_SECUND,N,11,0","F_SECUND,N,11,0","SR_SECUND,N,12,0","T_TERTIARY,N,12,0","T%_TERTIAR,N,12,2","M_TERTIARY,N,12,0","F_TERTIARY,N,12,0","SR_TERTIAR,N,12,0","T_CULTIVAT,N,11,0","T%_CULTIVA,N,12,2","M_CULTIVAT,N,12,0","F_CULTIVAT,N,11,0","SR_CULTIVA,N,12,0","T_AGRI_LAB,N,12,0","T%_AGRI_LA,N,12,2","M_AGRI_LAB,N,12,0","F_AGRI_LAB,N,12,0","SR_AGRI_LA,N,12,0","T_FISH_FOR,N,12,0","T%_FISH_FO,N,12,2","M_FISH_FOR,N,12,0","F_FISH_FOR,N,12,0","SR_FISH_FO,N,12,0","T_MINING,N,9,0","T%_MINING,N,11,2","M_MINING,N,10,0","F_MINING,N,9,0","SR_MINING,N,11,0","T_HH_INDUS,N,12,0","T%_HH_INDU,N,12,2","M_HH_INDUS,N,12,0","F_HH_INDUS,N,12,0","SR_HH_INDU,N,12,0","T_OTH_INDU,N,12,0","T%_OTH_IND,N,12,2","M_OTH_INDU,N,12,0","F_OTH_INDU,N,12,0","SR_OTH_IND,N,12,0","T_CONSTRUC,N,13,0","T%_CONSTRU,N,13,2","M_CONSTRUC,N,13,0","F_CONSTRUC,N,13,0","SR_CONSTRU,N,13,0","T_TRADE,N,9,0","T%_TRADE,N,11,2","M_TRADE,N,9,0","F_TRADE,N,9,0","SR_TRADE,N,10,0","T_TRANSPOR,N,13,0","T%_TRANSPO,N,13,2","M_TRANSPOR,N,13,0","F_TRANSPOR,N,13,0","SR_TRANSPO,N,13,0","T_SERVICES,N,12,0","T%_SERVICE,N,13,2","M_SERVICES,N,13,0","F_SERVICES,N,12,0","SR_SERVICE,N,12,0","EI_AVALAIB,C,11","EI_DISTANC,N,11,0","P_SCHOOL,N,11,0","M_SCHOOL,N,11,0","H_SCHOOL,N,11,0","PU_COLLEGE,N,13,0","GR_COLLEGE,N,13,0","ADULT_LIT_,N,11,0","INDUS_SCH,N,11,0","TRAIN_SCH,N,11,0","OTHER_EI,N,10,0","MI_AVALAIB,C,12","MI_DISTANC,N,12,0","HOSPITAL,N,10,0","MAT&CHI_WC,N,13,0","MATERNITY,N,11,0","CHILD_W_C,N,11,0","PRIM_H_C,N,10,0","HEQLTH_C,N,10,0","PRIM_H_S_C,N,12,0","DISPENSARY,N,13,0","FP_C,N,5,0","TB_C,N,5,0","NURSING_H,N,11,0","CHWC,N,6,0","PRIV_PRACT,N,12,0","SUBS_PRACT,N,13,0","OTHER_MI,N,10,0","PT_AVALAIB,C,12","PR_DISTANC,N,12,0","POST_OFFIC,N,12,0","TELEG_OFFI,N,12,0","PT_OFFICE,N,11,0","PHONE_CONN,N,14,0","DW_AVALAIB,C,13","DW_DISTANC,N,13,0","DW_TAP,N,8,0","DW_WELL,N,10,0","DW_TUBEWEL,N,14,0","DW_HANDPUM,N,14,0","DW_RIVER,N,10,0","DW_FOUNTAI,N,13,0","DW_SPRING,N,12,0","DW_CANAL,N,11,0","DW_TANK,N,10,0","DW_OTHER,N,11,0","MK_AVALAIB,C,12","MK_DISTANC,N,12,0","DAILY_MK,N,10,0","CF_AVALAIB,C,12","CF_DISTANC,N,12,0","BUS_STOP,N,11,0","RAILWAY,N,9,0","PUCCA_ROAD,N,13,0","KACHCHA_RO,N,13,0","FOOTPATH,N,11,0","NEAR_TOWN,C,16","DIST_TOWN,N,11,0","PW_AVALAIB,C,13","PW_DOMESTI,N,13,0","PW_AGRICUL,N,13,0","PW_IND_COM,N,13,0","PW_FOR_ALL,N,13,0","LU_FOREST,N,11,0","LU%_FOREST,N,13,2","LU_IRRIGAT,N,11,0","LU%_IRRIGA,N,12,2","LU_UNIRRIG,N,11,0","LU%_UNIRRI,N,12,2","LU_CULT_WA,N,13,0","LU%_CULT_W,N,13,2","LU_NON_CUL,N,13,0","LU%_NON_C,N,12,2","IR_WELL,N,9,2","IR_TUBEWEL,N,12,2","IR_TANK,N,8,2","IR_LAKE,N,8,2","IR_RIVER,N,9,2","IR_GVT_CAN,N,12,2","IR_PRIV_CA,N,11,2","IR_OTHER,N,10,2"
12306,Koilvenni,Nidamangalam,Thanjavur,3180,387,719,4.4,1576,1604,983,440,209,231,905,607,19.1,306,301,1017,0,0.0,0,0,0,1510,55.11,894,616,1451,1350,42.5,911,439,2075,246,7.7,0,246,0,1584,49.8,665,919,724,1130,83.26,722,408,1770,43,3.63,41,2,20500,177,13.11,148,29,5103,240,17.78,225,15,15000,855,63.33,472,383,1232,29,0.02,21,8,2625,6,0.44,4,2,2000,7,0.52,7,0,0,20,1.48,18,2,9000,16,1.19,16,0,0,57,4.22,50,7,7143,24,1.78,24,0,0,96,7.11,74,22,3364,yes,0,3,1,1,0,0,0,0,0,0,yes,0,0,1,0,0,1,0,0,0,0,0,0,0,0,0,0,yes,0,1,0,0,0,yes,0,1,1,0,0,0,0,0,0,0,0,no,1,0,yes,0,1,0,1,0,0,Nidamangala,5,yes,1,1,0,0,0,0.0,618,99.52,3,0.48,0,0.0,201,24.42,0.0,0.0,0.0,0.0,618.0,0.0,0.0,0.0
12307,Nagar,Nidamangalam,Thanjavur,1272,392,300,4.2,660,612,1078,219,107,112,955,678,53.3,357,321,1112,0,0.0,0,0,0,543,51.57,362,181,2000,585,46.0,366,219,1671,71,5.6,10,61,164,616,48.4,284,332,855,530,90.6,325,205,1585,10,1.71,9,1,9000,45,7.69,32,13,2462,146,24.96,132,14,9429,383,65.47,192,191,1005,1,0.0,1,0,0,0,0.0,0,0,0,7,1.2,6,1,6000,1,0.17,1,0,0,2,0.34,2,0,0,12,2.05,10,2,5000,6,1.03,6,0,0,27,4.62,16,11,1455,yes,0,2,0,0,0,0,0,0,0,0,no,1,0,0,0,0,0,0,0,0,0,0,0,0,0,0,0,yes,0,1,0,0,0,yes,0,0,1,0,1,1,0,0,0,0,0,no,1,0,no,1,0,0,1,0,0,Nidamangala,5,yes,1,1,0,0,0,0.0,222,96.94,7,3.06,0,0.0,96,29.51,0.0,0.0,222.0,0.0,0.0,0.0,0.0,0.0
12308,Pannimangalam,Nidamangalam,Thanjavur,512,268,108,4.7,273,239,1142,88,49,39,1256,51,10.0,26,25,1040,0,0.0,0,0,0,304,71.7,187,117,1598,165,32.2,129,36,3583,109,21.3,10,99,101,238,46.5,134,104,1288,138,83.64,104,34,3059,9,5.45,7,2,3500,18,10.91,18,0,0,27,16.36,25,2,12500,111,67.27,79,32,2469,0,0.0,0,0,0,0,0.0,0,0,0,0,0.0,0,0,0,9,5.45,7,2,3500,0,0.0,0,0,0,4,2.42,4,0,0,2,1.21,2,0,0,12,7.27,12,0,0,no,1,0,0,0,0,0,0,0,0,0,no,1,0,0,0,0,0,0,0,0,0,0,0,0,0,0,0,yes,0,1,0,0,0,yes,0,0,1,0,1,0,0,0,0,0,0,no,1,0,no,1,0,0,0,1,0,Needamangala,5,yes,1,1,0,0,0,0.0,29,96.67,1,3.33,0,0.0,161,84.33,0.0,0.0,0.0,0.0,29.0,0.0,0.0,0.0
12309,Chithamallimelpadi,Nidamangalam,Thanjavur,2538,556,569,4.5,1279,1259,1016,292,187,105,1781,1171,46.1,593,578,1026,0,0.0,0,0,0,1249,55.61,775,474,1635,1060,41.8,701,359,1953,0,0.0,0,0,0,1478,58.2,578,900,642,917,86.51,577,340,1697,22,2.08,17,5,3400,121,11.42,107,14,7643,149,14.06,141,8,17625,762,71.89,430,332,1295,6,0.01,6,0,0,0,0.0,0,0,0,8,0.75,8,0,0,14,1.32,9,5,1800,0,0.0,0,0,0,32,3.02,28,4,7000,20,1.89,20,0,0,69,6.51,59,10,5900,yes,0,2,0,0,0,0,0,0,0,0,no,1,0,0,0,0,0,0,0,0,0,0,0,0,0,0,0,no,1,0,0,0,0,yes,0,1,1,0,1,1,0,0,0,0,0,no,1,0,no,1,0,0,0,1,0,Nidamangala,5,yes,1,1,0,0,0,0.0,342,95.53,16,4.47,0,0.0,98,21.54,0.0,0.0,0.0,0.0,342.0,0.0,0.0,0.0
12310,Adanur,Nidamangalam,Thanjavur,2131,366,490,4.3,1032,1099,939,342,165,177,932,537,25.2,259,278,932,0,0.0,0,0,0,893,49.92,559,334,1674,732,34.4,597,135,4422,26,1.2,0,26,0,1373,64.4,435,938,464,609,83.2,494,115,4296,30,4.1,23,7,3286,93,12.7,80,13,6154,304,41.53,296,8,37000,300,40.98,193,107,1804,5,0.01,5,0,0,0,0.0,0,0,0,20,2.73,14,6,2333,7,0.96,6,1,6000,3,0.41,3,0,0,33,4.51,33,0,0,22,3.01,20,2,10000,38,5.19,27,11,2455,yes,0,2,0,0,0,0,0,0,0,0,no,1,0,0,0,0,0,0,0,0,0,0,0,0,0,0,0,yes,0,1,0,0,0,yes,0,0,1,0,1,1,0,0,0,0,0,no,1,0,yes,0,1,0,1,0,0,Nidamangala,5,yes,1,1,0,0,0,0.0,300,98.04,6,1.96,0,0.0,276,47.44,0.0,0.0,0.0,0.0,300.0,0.0,0.0,0.0
12311,Munnaval Kottai,Nidamangalam,Thanjavur,2938,321,714,4.1,1488,1450,1026,413,228,185,1232,417,14.2,211,206,1024,0,0.0,0,0,0,1339,53.03,757,582,1301,1381,47.0,870,511,1703,1,0.0,0,1,0,1556,53.0,618,938,659,1215,87.98,731,484,1510,29,2.1,25,4,6250,137,9.92,114,23,4957,191,13.83,176,15,11733,1015,73.5,546,469,1164,9,0.01,9,0,0,0,0.0,0,0,0,11,0.8,7,4,1750,15,1.09,15,0,0,3,0.22,3,0,0,60,4.34,56,4,14000,6,0.43,6,0,0,71,5.14,52,19,2737,yes,0,2,1,1,0,0,0,0,0,0,no,2,0,0,0,0,0,0,0,0,0,0,0,0,0,0,0,yes,0,1,0,0,0,yes,0,1,1,0,1,0,0,0,0,0,0,no,2,0,yes,0,1,0,1,0,0,KNedamangala,5,yes,1,1,0,0,0,0.0,190,94.53,11,5.47,0,0.0,714,78.03,0.0,0.0,0.0,0.0,190.0,0.0,0.0,0.0
12312,Chettichatram,Nidamangalam,Thanjavur,1594,525,383,4.2,796,798,997,206,91,115,791,197,12.4,101,96,1052,0,0.0,0,0,0,763,54.97,481,282,1706,660,41.4,463,197,2350,1,0.1,1,0,0,933,58.5,332,601,552,583,88.33,401,182,2203,23,3.48,23,0,0,54,8.18,39,15,2600,222,33.64,214,8,26750,356,53.94,182,174,1046,5,0.01,5,0,0,0,0.0,0,0,0,3,0.45,3,0,0,18,2.73,18,0,0,2,0.3,2,0,0,13,1.97,9,4,2250,7,1.06,6,1,6000,34,5.15,24,10,2400,yes,0,2,0,0,0,0,0,0,0,0,no,2,0,0,0,0,0,0,0,0,0,0,0,0,0,0,0,no,1,0,0,0,0,yes,0,1,1,0,1,0,0,0,0,0,0,no,2,0,yes,0,1,0,1,0,0,Nidamangala,5,yes,1,1,0,0,0,0.0,155,96.27,6,3.73,0,0.0,143,46.98,0.0,0.0,0.0,0.0,155.0,0.0,0.0,0.0
12313,Pithundam,Nidamangalam,Thanjavur,0,0,0,0.0,0,0,0,0,0,0,0,0,0.0,0,0,0,0,0.0,0,0,0,0,0.0,0,0,0,0,0.0,0,0,0,0,0.0,0,0,0,0,0.0,0,0,0,0,0.0,0,0,0,0,0.0,0,0,0,0,0.0,0,0,0,0,0.0,0,0,0,0,0.0,0,0,0,0,0.0,0,0,0,0,0.0,0,0,0,0,0.0,0,0,0,0,0.0,0,0,0,0,0.0,0,0,0,0,0.0,0,0,0,0,0.0,0,0,0,0,0.0,0,0,0,yes,0,0,0,0,0,0,0,0,0,0,yes,0,0,0,0,0,0,0,0,0,0,0,0,0,0,0,0,yes,0,0,0,0,0,yes,0,0,0,0,0,0,0,0,0,0,0,yes,0,0,yes,0,0,0,0,0,0,,0,yes,0,0,0,0,0,0.0,0,44.44,0,55.56,0,0.0,0,16.28,0.0,0.0,0.0,0.0,32.0,0.0,0.0,0.0
12314,Bhagavathamelam,Nidamangalam,Thanjavur,730,2433,166,4.4,399,331,1205,59,29,30,967,0,0.0,0,0,0,0,0.0,0,0,0,418,62.3,275,143,1923,273,37.4,238,35,6800,196,26.8,17,179,95,261,35.8,144,117,1231,250,91.58,216,34,6353,0,0.0,0,0,0,23,8.42,22,1,22000,97,35.53,94,3,31333,152,55.68,121,31,3903,1,0.0,1,0,0,0,0.0,0,0,0,0,0.0,0,0,0,0,0.0,0,0,0,0,0.0,0,0,0,0,0.0,0,0,0,0,0.0,0,0,0,23,8.42,22,1,22000,no,1,0,0,0,0,0,0,0,0,0,no,1,0,0,0,0,0,0,0,0,0,0,0,0,0,0,0,no,1,0,0,0,0,yes,0,1,1,0,1,0,0,0,0,0,0,no,2,0,no,1,0,0,0,1,0,Nidamangala,5,yes,1,1,0,0,0,0.0,1,100.0,0,0.0,0,0.0,29,96.67,0.0,0.0,0.0,0.0,1.0,0.0,0.0,0.0
12315,Edayarnatham Padugai,Nidamangalam,Thanjavur,0,0,0,0.0,0,0,0,0,0,0,0,0,0.0,0,0,0,0,0.0,0,0,0,0,0.0,0,0,0,0,0.0,0,0,0,0,0.0,0,0,0,0,0.0,0,0,0,0,0.0,0,0,0,0,0.0,0,0,0,0,0.0,0,0,0,0,0.0,0,0,0,0,0.0,0,0,0,0,0.0,0,0,0,0,0.0,0,0,0,0,0.0,0,0,0,0,0.0,0,0,0,0,0.0,0,0,0,0,0.0,0,0,0,0,0.0,0,0,0,0,0.0,0,0,0,yes,0,0,0,0,0,0,0,0,0,0,yes,0,0,0,0,0,0,0,0,0,0,0,0,0,0,0,0,yes,0,0,0,0,0,yes,0,0,0,0,0,0,0,0,0,0,0,yes,0,0,yes,0,0,0,0,0,0,,0,yes,0,0,0,0,0,0.0,0,100.0,0,0.0,0,0.0,0,69.23,0.0,0.0,0.0,0.0,20.0,0.0,0.0,0.0
12316,Royapuram,Nidamangalam,Thanjavur,2907,303,680,4.3,1467,1440,1019,432,222,210,1057,893,30.7,461,432,1067,8,0.3,3,5,600,1353,54.67,787,566,1390,1171,40.3,873,298,2930,112,3.9,2,110,18,1624,55.9,592,1032,574,1083,92.4,797,286,2787,17,1.54,17,0,0,71,6.06,59,12,4917,331,28.27,322,9,35778,746,63.71,469,277,1693,5,0.0,5,0,0,1,0.09,1,0,0,3,0.26,3,0,0,5,0.43,5,0,0,9,0.77,9,0,0,22,1.88,20,2,10000,8,0.68,8,0,0,41,3.5,31,10,3100,yes,0,3,1,1,0,0,0,0,0,0,yes,0,0,1,0,0,0,0,0,0,0,0,0,0,0,0,0,yes,0,1,0,0,0,yes,0,0,1,0,1,1,0,0,0,0,0,no,1,0,yes,0,1,0,1,0,0,Nidamangala,5,yes,1,1,0,0,0,0.0,646,98.33,11,1.67,0,0.0,303,31.58,0.0,0.0,0.0,0.0,646.0,0.0,0.0,0.0
12317,Kalacheri,Nidamangalam,Thanjavur,2878,451,657,4.4,1455,1423,1022,445,222,223,996,1308,45.4,661,647,1022,0,0.0,0,0,0,1194,49.08,759,435,1745,1465,50.9,833,632,1318,0,0.0,0,0,0,1413,49.1,622,791,786,1376,93.92,760,616,1234,16,1.09,13,3,4333,73,4.98,60,13,4615,133,9.08,123,10,12300,1243,84.85,637,606,1051,0,0.0,0,0,0,0,0.0,0,0,0,6,0.41,3,3,1000,9,0.61,9,0,0,1,0.07,1,0,0,29,1.98,28,1,28000,7,0.48,7,0,0,37,2.53,25,12,2083,yes,0,2,0,0,0,0,0,0,0,0,no,1,0,0,0,0,0,0,0,0,0,0,0,0,0,0,0,no,1,0,0,0,0,yes,0,0,1,0,1,1,0,0,0,0,0,no,2,0,no,1,0,0,0,1,0,Nidamangala,5,yes,1,1,0,0,0,0.0,440,99.55,2,0.45,0,0.0,196,30.76,0.0,0.0,0.0,0.0,440.0,0.0,0.0,0.0
12318,Parappanamedu,Nidamangalam,Thanjavur,1393,517,311,4.5,697,696,1001,229,112,117,957,708,50.8,356,352,1011,0,0.0,0,0,0,790,67.87,472,318,1484,455,32.7,398,57,6982,8,0.6,0,8,0,930,66.8,299,631,474,340,74.73,297,43,6907,42,9.23,35,7,5000,73,16.04,66,7,9429,152,33.41,148,4,37000,188,41.32,149,39,3821,0,0.0,0,0,0,0,0.0,0,0,0,31,6.81,24,7,3429,10,2.2,10,0,0,1,0.22,1,0,0,20,4.4,20,0,0,7,1.54,7,0,0,46,10.11,39,7,5571,yes,0,1,0,0,0,0,0,0,0,0,no,1,0,0,0,0,0,0,0,0,0,0,0,0,0,0,0,no,1,0,0,0,0,yes,0,0,1,0,1,1,0,0,0,0,0,no,1,0,yes,0,1,0,1,1,0,BNidamangala,3,yes,1,1,0,0,0,0.0,224,97.82,5,2.18,0,0.0,41,15.06,0.0,0.0,0.0,0.0,224.0,0.0,0.0,0.0
12319,Poovanur,Nidamangalam,Thanjavur,2542,454,615,4.1,1301,1241,1048,379,186,193,964,539,21.2,274,265,1034,0,0.0,0,0,0,1262,58.34,786,476,1651,1203,47.3,782,421,1857,0,0.0,0,0,0,1339,52.7,519,820,633,1043,86.7,639,404,1582,43,3.57,36,7,5143,117,9.73,107,10,10700,217,18.04,187,30,6233,823,68.41,449,374,1201,3,0.0,3,0,0,0,0.0,0,0,0,16,1.33,11,5,2200,13,1.08,12,1,12000,14,1.16,13,1,13000,40,3.33,39,1,39000,19,1.58,19,0,0,58,4.82,49,9,5444,yes,0,1,1,0,0,0,0,0,0,0,no,1,0,0,0,0,0,0,0,0,0,0,0,0,0,0,0,yes,0,1,0,0,0,yes,0,0,1,0,1,1,0,0,0,0,0,no,1,0,yes,0,1,0,1,1,0,Nidamagala,3,yes,1,1,0,0,0,0.0,454,98.27,8,1.73,0,0.0,99,17.58,0.0,0.0,0.0,0.0,454.0,0.0,0.0,0.0
12320,Vaiyakalathur,Nidamangalam,Thanjavur,696,304,165,4.2,344,352,977,116,56,60,933,442,63.5,224,218,1028,0,0.0,0,0,0,380,65.52,217,163,1331,360,51.7,210,150,1400,0,0.0,0,0,0,336,48.3,134,202,663,342,95.0,192,150,1280,5,1.39,5,0,0,13,3.61,13,0,0,0,0.0,0,0,0,342,95.0,192,150,1280,0,0.0,0,0,0,0,0.0,0,0,0,0,0.0,0,0,0,3,0.83,3,0,0,2,0.56,2,0,0,4,1.11,4,0,0,2,0.56,2,0,0,7,1.94,7,0,0,yes,0,1,0,0,0,0,0,0,0,0,no,1,0,0,0,0,0,0,0,0,0,0,0,0,0,0,0,no,1,0,0,0,0,yes,0,1,1,0,1,1,0,0,0,0,0,no,1,0,no,1,0,0,1,0,0,Nidamangala,3,yes,1,1,0,0,0,0.0,190,95.0,10,5.0,0,0.0,29,12.71,0.0,0.0,0.0,0.0,190.0,0.0,0.0,0.0
12321,Olimathi,Nidamangalam,Thanjavur,1548,341,342,4.5,788,760,1037,220,112,108,1037,764,49.4,386,378,1021,0,0.0,0,0,0,802,60.39,496,306,1621,665,43.0,477,188,2537,191,12.3,8,183,44,692,44.7,303,389,779,566,85.11,397,169,2349,15,2.26,15,0,0,84,12.63,65,19,3421,278,41.8,231,47,4915,288,43.31,166,122,1361,0,0.0,0,0,0,0,0.0,0,0,0,5,0.75,5,0,0,7,1.05,7,0,0,3,0.45,3,0,0,39,5.86,33,6,5500,9,1.35,9,0,0,36,5.41,23,13,1769,yes,0,2,0,0,0,0,0,0,0,0,no,1,0,0,0,0,0,0,0,0,0,0,0,0,0,0,0,yes,0,1,0,0,0,yes,0,1,1,0,1,1,0,0,0,0,0,no,1,0,yes,0,1,0,1,1,0,Nidamangala,3,yes,1,1,0,0,0,0.0,316,83.16,64,16.84,0,0.0,74,16.22,0.0,0.0,0.0,0.0,316.0,0.0,0.0,0.0
12322,Ottagudi,Nidamangalam,Thanjavur,306,269,77,4.0,176,130,1354,55,33,22,1500,100,32.7,54,46,1174,0,0.0,0,0,0,171,68.13,116,55,2109,122,39.9,85,37,2297,0,0.0,0,0,0,184,60.1,91,93,978,110,90.16,74,36,2056,3,2.46,3,0,0,9,7.38,8,1,8000,18,14.75,17,1,17000,92,75.41,57,35,1629,0,0.0,0,0,0,0,0.0,0,0,0,0,0.0,0,0,0,3,2.46,3,0,0,0,0.0,0,0,0,7,5.74,6,1,6000,0,0.0,0,0,0,2,1.64,2,0,0,no,1,0,0,0,0,0,0,0,0,0,no,1,0,0,0,0,0,0,0,0,0,0,0,0,0,0,0,no,1,0,0,0,0,yes,0,1,1,0,1,1,0,0,0,0,0,no,1,0,no,1,0,0,0,1,0,Nidamangala,5,yes,1,1,0,0,0,0.0,42,97.67,1,2.33,0,0.0,71,62.18,0.0,0.0,0.0,0.0,42.0,0.0,0.0,0.0
12323,Palangalathur,Nidamangalam,Thanjavur,535,385,117,4.6,266,269,989,109,50,59,847,433,80.9,212,221,959,0,0.0,0,0,0,206,48.36,137,69,1986,279,52.1,154,125,1232,4,0.7,1,3,333,252,47.1,111,141,787,265,94.98,144,121,1190,1,0.36,1,0,0,13,4.66,9,4,2250,58,20.79,44,14,3143,207,74.19,100,107,935,0,0.0,0,0,0,0,0.0,0,0,0,0,0.0,0,0,0,0,0.0,0,0,0,1,0.36,1,0,0,5,1.79,3,2,1500,1,0.36,1,0,0,7,2.51,5,2,2500,no,1,0,0,0,0,0,0,0,0,0,no,1,0,0,0,0,0,0,0,0,0,0,0,0,0,0,0,no,1,0,0,0,0,yes,0,1,1,0,0,1,0,0,0,0,0,no,1,0,no,1,0,0,0,1,0,Nidamangala,5,yes,1,1,0,0,0,0.0,113,98.26,2,1.74,0,0.0,24,17.34,0.0,0.0,0.0,0.0,113.0,0.0,0.0,0.0
12324,Hanumanthapuram,Nidamangalam,Thanjavur,1274,322,316,4.0,656,618,1061,231,132,99,1333,746,58.6,379,367,1033,0,0.0,0,0,0,581,55.7,366,215,1702,617,48.4,351,266,1320,39,3.1,8,31,258,618,48.5,297,321,925,564,91.41,306,258,1186,7,1.13,6,1,6000,46,7.46,39,7,5571,173,28.04,112,61,1836,390,63.21,193,197,980,1,0.0,1,0,0,0,0.0,0,0,0,1,0.16,1,0,0,4,0.65,3,1,3000,2,0.32,2,0,0,24,3.89,20,4,5000,4,0.65,4,0,0,18,2.92,15,3,5000,yes,0,1,0,0,0,0,0,0,0,0,no,1,0,0,0,0,0,0,0,0,0,0,0,0,0,0,0,no,1,0,0,0,0,yes,0,0,1,0,1,1,0,0,0,0,0,no,1,0,no,1,0,0,1,0,0,Nidamangala,3,yes,1,1,0,0,0,0.0,306,97.45,8,2.55,0,0.0,82,20.71,0.0,0.0,0.0,0.0,306.0,0.0,0.0,0.0
12325,Perambur,Nidamangalam,Thanjavur,1808,464,436,4.1,911,897,1016,260,137,123,1114,697,38.6,347,350,991,0,0.0,0,0,0,1146,74.03,619,527,1175,767,42.4,545,222,2455,13,0.7,1,12,83,1028,56.9,365,663,551,649,84.62,446,203,2197,24,3.13,23,1,23000,94,12.26,76,18,4222,157,20.47,131,26,5038,492,64.15,315,177,1780,0,0.0,0,0,0,0,0.0,0,0,0,7,0.91,6,1,6000,13,1.69,13,0,0,4,0.52,4,0,0,30,3.91,25,5,5000,14,1.83,13,1,13000,50,6.52,38,12,3167,yes,0,1,0,0,0,0,0,0,0,0,no,1,0,0,0,0,0,0,0,0,0,0,0,0,0,0,0,yes,0,1,0,0,0,yes,0,0,1,0,1,1,0,0,0,0,0,no,1,0,yes,0,1,0,1,0,0,Nidamangala,5,yes,1,1,0,0,0,0.0,293,96.38,11,3.62,0,0.0,85,21.94,0.0,0.0,0.0,0.0,293.0,0.0,0.0,0.0
12326,Rishiyur,Nidamangalam,Thanjavur,1178,404,278,4.2,607,571,1063,139,92,47,1957,742,63.0,382,360,1061,0,0.0,0,0,0,731,70.36,428,303,1413,641,54.4,373,268,1392,0,0.0,0,0,0,537,45.6,234,303,772,626,97.66,362,264,1371,1,0.16,1,0,0,14,2.18,10,4,2500,79,12.32,77,2,38500,547,85.34,285,262,1088,0,0.0,0,0,0,0,0.0,0,0,0,0,0.0,0,0,0,1,0.16,1,0,0,0,0.0,0,0,0,5,0.78,5,0,0,0,0.0,0,0,0,9,1.4,5,4,1250,yes,0,1,0,0,0,0,0,0,0,0,no,1,0,0,0,0,0,0,0,0,0,0,0,0,0,0,0,no,1,0,0,0,0,yes,0,0,1,0,1,1,0,0,0,0,0,no,1,0,no,1,0,0,1,1,0,Nidamangala,5,yes,1,1,0,0,0,0.0,235,97.51,6,2.49,0,0.0,50,17.31,0.0,0.0,0.0,0.0,235.0,0.0,0.0,0.0
12327,Thirukkannamangaikottam,Nidamangalam,Thanjavur,0,0,0,0.0,0,0,0,0,0,0,0,0,0.0,0,0,0,0,0.0,0,0,0,0,0.0,0,0,0,0,0.0,0,0,0,0,0.0,0,0,0,0,0.0,0,0,0,0,0.0,0,0,0,0,0.0,0,0,0,0,0.0,0,0,0,0,0.0,0,0,0,0,0.0,0,0,0,0,0.0,0,0,0,0,0.0,0,0,0,0,0.0,0,0,0,0,0.0,0,0,0,0,0.0,0,0,0,0,0.0,0,0,0,0,0.0,0,0,0,0,0.0,0,0,0,yes,0,0,0,0,0,0,0,0,0,0,yes,0,0,0,0,0,0,0,0,0,0,0,0,0,0,0,0,yes,0,0,0,0,0,yes,0,0,0,0,0,0,0,0,0,0,0,yes,0,0,yes,0,0,0,0,0,0,,0,yes,0,0,0,0,0,0.0,0,96.55,0,3.45,0,0.0,0,2.42,0.0,0.0,0.0,0.0,28.0,0.0,0.0,0.0
12328,Adangudi,Nidamangalam,Thanjavur,3574,665,800,4.5,1800,1774,1015,568,287,281,1021,1654,46.3,824,830,993,0,0.0,0,0,0,2017,67.1,1188,829,1433,1532,42.9,1031,501,2058,21,0.6,6,15,400,2021,56.5,763,1258,607,1131,73.83,670,461,1453,164,10.7,162,2,81000,237,15.47,199,38,5237,132,8.62,123,9,13667,995,64.95,543,452,1201,4,0.0,4,0,0,0,0.0,0,0,0,2,0.13,2,0,0,83,5.42,83,0,0,79,5.16,77,2,38500,85,5.55,78,7,11143,30,1.96,28,2,14000,122,7.96,93,29,3207,yes,0,1,0,0,0,0,0,0,0,0,no,1,0,0,0,0,0,0,0,0,0,0,0,0,0,0,0,yes,0,1,0,0,0,yes,0,0,1,0,1,1,0,0,0,1,0,no,1,0,yes,0,1,0,1,0,0,Kuttanallu,7,yes,1,1,0,0,0,0.0,380,97.94,8,2.06,0,0.0,149,27.79,0.0,0.0,0.0,0.0,380.0,0.0,0.0,0.0
12329,Vellakudi,Nidamangalam,Thanjavur,891,344,204,4.4,462,429,1077,160,82,78,1051,769,86.3,404,365,1107,0,0.0,0,0,0,363,49.66,241,122,1975,390,43.8,242,148,1635,0,0.0,0,0,0,501,56.2,220,281,783,378,96.92,235,143,1643,4,1.03,4,0,0,8,2.05,3,5,600,39,10.0,37,2,18500,338,86.67,197,141,1397,1,0.0,1,0,0,0,0.0,0,0,0,0,0.0,0,0,0,1,0.26,1,0,0,3,0.77,3,0,0,1,0.26,1,0,0,0,0.0,0,0,0,7,1.79,2,5,400,yes,0,1,0,0,0,0,0,0,0,0,no,1,0,0,0,0,0,0,0,0,0,0,0,0,0,0,0,no,1,0,0,0,0,yes,0,0,1,0,1,1,0,0,0,1,0,no,1,0,yes,0,1,0,1,0,0,Kuttanallu,5,yes,1,1,0,0,0,0.0,206,98.1,4,1.9,0,0.0,49,18.94,0.0,0.0,0.0,0.0,206.0,0.0,0.0,0.0
12330,Keelalavandaseri,Nidamangalam,Thanjavur,1044,337,248,4.2,520,524,992,163,85,78,1090,488,46.7,234,254,921,0,0.0,0,0,0,458,51.99,290,168,1726,311,29.8,273,38,7184,203,19.4,15,188,80,530,50.8,232,298,779,256,82.32,226,30,7533,18,5.79,18,0,0,37,11.9,29,8,3625,78,25.08,69,9,7667,178,57.23,157,21,7476,0,0.0,0,0,0,0,0.0,0,0,0,13,4.18,13,0,0,5,1.61,5,0,0,0,0.0,0,0,0,14,4.5,13,1,13000,4,1.29,4,0,0,19,6.11,12,7,1714,yes,0,1,0,0,0,0,0,0,0,0,no,1,0,0,0,0,0,0,0,0,0,0,0,0,0,0,0,no,1,0,0,0,0,yes,0,0,1,0,1,1,0,0,0,1,0,no,2,0,yes,0,1,0,1,0,0,Manargud,7,yes,1,1,0,0,0,0.0,239,95.6,11,4.4,0,0.0,60,19.38,0.0,0.0,0.0,0.0,239.0,0.0,0.0,0.0
12331,Melalavandaseri,Nidamangalam,Thanjavur,1540,405,388,4.0,792,748,1059,198,94,104,904,537,34.9,281,256,1098,0,0.0,0,0,0,1081,80.55,631,450,1402,753,48.9,467,286,1633,0,0.0,0,0,0,787,51.1,325,462,703,698,92.7,419,279,1502,1,0.13,1,0,0,54,7.17,47,7,6714,168,22.31,151,17,8882,528,70.12,266,262,1015,2,0.0,2,0,0,0,0.0,0,0,0,0,0.0,0,0,0,1,0.13,1,0,0,0,0.0,0,0,0,14,1.86,14,0,0,4,0.53,4,0,0,36,4.78,29,7,4143,yes,0,1,1,1,0,0,0,0,0,0,yes,0,1,0,0,0,0,0,0,0,0,0,0,0,0,0,0,yes,0,1,0,0,0,yes,0,0,1,0,1,1,0,0,0,1,0,no,2,0,yes,0,1,0,1,0,0,Manargud,8,yes,1,1,0,0,0,0.0,298,97.39,8,2.61,0,0.0,74,19.55,0.0,0.0,0.0,0.0,298.0,0.0,0.0,0.0
12332,Annavasal,Nidamangalam,Thanjavur,1186,325,279,4.3,600,586,1024,195,92,103,893,839,70.7,419,420,998,0,0.0,0,0,0,500,50.45,316,184,1717,554,46.7,346,208,1663,0,0.0,0,0,0,632,53.3,254,378,672,508,91.7,306,202,1515,9,1.62,8,1,8000,37,6.68,32,5,6400,104,18.77,95,9,10556,403,72.74,210,193,1088,1,0.0,1,0,0,0,0.0,0,0,0,4,0.72,3,1,3000,5,0.9,5,0,0,0,0.0,0,0,0,16,2.89,15,1,15000,5,0.9,5,0,0,16,2.89,12,4,3000,yes,0,1,0,0,0,0,0,0,0,0,no,2,0,0,0,0,0,0,0,0,0,0,0,0,0,0,0,no,1,0,0,0,0,yes,0,0,1,0,1,0,0,0,0,1,0,no,2,0,yes,0,1,0,0,1,0,Nidamangala,5,yes,1,1,0,0,0,0.0,296,94.57,17,5.43,0,0.0,52,14.22,0.0,0.0,0.0,0.0,296.0,0.0,0.0,0.0
12333,Annavasal Thenpadi,Nidamangalam,Thanjavur,611,320,142,4.3,324,287,1129,99,55,44,1250,121,19.8,66,55,1200,0,0.0,0,0,0,331,64.65,210,121,1736,279,45.7,178,101,1762,0,0.0,0,0,0,332,54.3,146,186,785,272,97.49,173,99,1747,0,0.0,0,0,0,7,2.51,5,2,2500,95,34.05,93,2,46500,177,63.44,80,97,825,0,0.0,0,0,0,0,0.0,0,0,0,0,0.0,0,0,0,0,0.0,0,0,0,0,0.0,0,0,0,2,0.72,2,0,0,0,0.0,0,0,0,5,1.79,3,2,1500,no,1,0,0,0,0,0,0,0,0,0,no,2,0,0,0,0,0,0,0,0,0,0,0,0,0,0,0,no,1,0,0,0,0,yes,0,0,1,0,1,0,0,0,0,1,0,no,3,0,yes,0,1,0,0,1,0,Nidamangala,5,yes,1,1,0,0,0,0.0,162,98.78,2,1.22,0,0.0,27,14.04,0.0,0.0,0.0,0.0,162.0,0.0,0.0,0.0
12334,Pududevangudi,Nidamangalam,Thanjavur,1171,284,285,4.1,596,575,1037,178,89,89,1000,635,54.2,327,308,1062,10,0.9,6,4,1500,648,65.26,383,265,1445,546,46.6,338,208,1625,44,3.8,0,44,0,581,49.6,258,323,799,490,89.74,287,203,1414,22,4.03,21,1,21000,34,6.23,30,4,7500,80,14.65,72,8,9000,409,74.91,214,195,1097,1,0.0,1,0,0,0,0.0,0,0,0,3,0.55,3,0,0,17,3.11,16,1,16000,2,0.37,2,0,0,11,2.01,10,1,10000,5,0.92,5,0,0,18,3.3,15,3,5000,yes,0,1,0,0,0,0,0,0,0,0,no,2,0,0,0,0,0,0,0,0,0,0,0,0,0,0,0,no,1,0,0,0,0,yes,0,0,1,0,1,1,0,0,0,1,0,no,2,0,yes,0,1,0,1,0,0,Manargud,7,yes,1,1,0,0,0,0.0,354,99.72,1,0.28,0,0.0,57,13.83,0.0,0.0,0.0,0.0,354.0,0.0,0.0,0.0
12335,Arichapuram,Nidamangalam,Thanjavur,802,369,193,4.2,412,390,1056,121,66,55,1200,482,60.1,249,233,1069,0,0.0,0,0,0,318,46.7,209,109,1917,316,39.4,231,85,2718,0,0.0,0,0,0,486,60.6,181,305,593,298,94.3,213,85,2506,2,0.63,2,0,0,16,5.06,16,0,0,40,12.66,40,0,0,258,81.65,173,85,2035,0,0.0,0,0,0,0,0.0,0,0,0,0,0.0,0,0,0,2,0.63,2,0,0,0,0.0,0,0,0,8,2.53,8,0,0,2,0.63,2,0,0,6,1.9,6,0,0,yes,0,1,0,0,0,0,0,0,0,0,no,2,0,0,0,0,0,0,0,0,0,0,0,0,0,0,0,no,1,0,0,0,0,yes,0,0,1,0,1,1,0,0,0,0,0,no,2,0,yes,0,1,0,1,0,0,Mannargud,6,yes,1,1,0,0,0,0.0,176,98.32,3,1.68,0,0.0,38,17.65,0.0,0.0,0.0,0.0,176.0,0.0,0.0,0.0
12336,Sithambur,Nidamangalam,Thanjavur,1562,319,399,3.9,795,767,1037,249,122,127,961,1134,72.6,571,563,1014,0,0.0,0,0,0,608,46.31,399,209,1909,634,40.6,441,193,2285,0,0.0,0,0,0,928,59.4,354,574,617,593,93.53,408,185,2205,17,2.68,14,3,4667,24,3.79,19,5,3800,56,8.83,51,5,10200,536,84.54,356,180,1978,1,0.0,1,0,0,0,0.0,0,0,0,14,2.21,11,3,3667,3,0.47,3,0,0,0,0.0,0,0,0,10,1.58,10,0,0,1,0.16,1,0,0,13,2.05,8,5,1600,yes,0,1,1,0,0,0,0,0,0,0,no,1,0,0,0,0,0,0,0,0,0,0,0,0,0,0,0,no,1,0,0,0,0,yes,0,0,1,0,1,1,0,0,0,1,0,no,1,0,no,1,0,0,1,0,0,Kuttanallu,6,yes,1,1,0,0,0,0.0,365,94.07,23,5.93,0,0.0,101,20.66,0.0,0.0,0.0,0.0,365.0,0.0,0.0,0.0
12337,Sekarai,Nidamangalam,Thanjavur,6522,2580,1221,5.3,3202,3320,964,912,479,433,1106,924,14.2,458,466,983,0,0.0,0,0,0,4518,80.53,2417,2101,1150,1785,27.4,1645,140,11750,235,3.6,6,229,26,4502,69.0,1551,2951,526,1409,78.94,1291,118,10941,61,3.42,61,0,0,315,17.65,293,22,13318,961,53.84,947,14,67643,447,25.04,343,104,3298,1,0.0,1,0,0,0,0.0,0,0,0,1,0.06,1,0,0,42,2.35,42,0,0,18,1.01,18,0,0,155,8.68,148,7,21143,37,2.07,36,1,36000,123,6.89,109,14,7786,yes,0,3,2,2,0,0,0,0,0,0,yes,0,0,1,0,0,1,0,0,0,0,0,0,0,0,0,0,yes,0,1,0,0,0,yes,0,0,1,0,1,1,0,0,0,1,0,no,1,0,yes,0,1,0,1,0,0,Kuttanallu,5,yes,1,1,0,0,0,0.0,131,71.98,51,28.02,0,0.0,71,28.0,0.0,0.0,0.0,0.0,131.0,0.0,0.0,0.0
12338,Aykudi,Nidamangalam,Thanjavur,2246,1347,439,5.1,1123,1123,1000,342,171,171,1000,487,21.7,252,235,1072,0,0.0,0,0,0,1390,73.0,797,593,1344,676,30.1,647,29,22310,1,0.0,0,1,0,1569,69.9,476,1093,435,339,50.15,320,19,16842,58,8.58,58,0,0,279,41.27,269,10,26900,312,46.15,294,18,16333,26,3.85,25,1,25000,1,0.0,1,0,0,0,0.0,0,0,0,12,1.78,12,0,0,14,2.07,14,0,0,32,4.73,32,0,0,231,34.17,229,2,114500,12,1.78,12,0,0,36,5.33,28,8,3500,yes,0,2,1,0,0,0,0,0,0,0,no,1,0,0,0,0,0,0,0,0,0,0,0,0,0,0,0,no,1,0,0,0,0,yes,0,0,1,0,1,1,0,0,0,1,0,no,1,0,yes,0,1,0,1,0,0,Kuttanallu,5,yes,1,1,0,0,0,0.0,117,92.86,9,7.14,0,0.0,41,24.45,0.0,0.0,0.0,0.0,117.0,0.0,0.0,0.0
12339,Vakranallur,Nidamangalam,Thanjavur,3130,1086,657,4.8,1493,1637,912,530,277,253,1095,1004,32.1,533,471,1132,6,0.2,4,2,2000,1918,73.77,1022,896,1141,860,27.5,659,201,3279,164,5.2,3,161,19,2106,67.3,831,1275,652,685,79.65,508,177,2870,37,4.3,31,6,5167,138,16.05,120,18,6667,215,25.0,201,14,14357,469,54.53,306,163,1877,1,0.0,1,0,0,0,0.0,0,0,0,16,1.86,11,5,2200,18,2.09,17,1,17000,3,0.35,3,0,0,67,7.79,65,2,32500,10,1.16,10,0,0,61,7.09,45,16,2813,yes,0,1,1,0,0,0,0,0,0,0,yes,0,0,0,0,0,0,0,0,1,0,0,0,0,0,0,0,yes,0,1,0,0,0,yes,0,0,1,0,1,1,0,0,0,1,0,no,1,0,yes,0,1,0,1,0,0,Kuttanallu,5,yes,1,1,0,0,0,0.0,213,97.71,5,2.29,0,0.0,70,24.36,0.0,0.0,0.0,0.0,213.0,0.0,0.0,0.0
12340,Sithanakudi,Nidamangalam,Thanjavur,1708,536,389,4.4,852,856,995,266,126,140,900,927,54.3,464,463,1002,0,0.0,0,0,0,943,65.4,568,375,1515,702,41.1,476,226,2106,39,2.3,5,34,147,967,56.6,371,596,622,590,84.05,384,206,1864,17,2.42,16,1,16000,95,13.53,76,19,4000,114,16.24,110,4,27500,471,67.09,269,202,1332,5,0.01,5,0,0,0,0.0,0,0,0,1,0.14,0,1,0,12,1.71,12,0,0,4,0.57,4,0,0,24,3.42,22,2,11000,21,2.99,21,0,0,50,7.12,33,17,1941,yes,0,1,0,0,0,0,0,0,0,0,yes,0,0,1,0,0,0,0,0,0,0,0,0,0,0,0,0,yes,0,1,0,0,0,yes,0,0,1,0,1,1,0,0,0,1,0,no,1,0,yes,0,1,0,1,0,0,Kuttanallu,6,yes,1,1,0,0,0,0.0,250,98.04,5,1.96,0,0.0,64,20.01,0.0,0.0,0.0,0.0,250.0,0.0,0.0,0.0
12341,Vengaramperaiyur,Nidamangalam,Thanjavur,712,308,179,4.0,340,372,914,132,64,68,941,548,77.0,267,281,950,0,0.0,0,0,0,332,57.24,199,133,1496,326,45.8,190,136,1397,3,0.4,0,3,0,383,53.8,150,233,644,293,89.88,160,133,1203,2,0.61,2,0,0,31,9.51,28,3,9333,20,6.13,19,1,19000,270,82.82,138,132,1045,3,0.01,3,0,0,0,0.0,0,0,0,0,0.0,0,0,0,1,0.31,1,0,0,1,0.31,1,0,0,12,3.68,12,0,0,8,2.45,8,0,0,11,3.37,8,3,2667,yes,0,1,1,0,0,0,0,0,0,0,yes,0,0,0,0,0,0,0,0,1,0,0,0,0,0,0,0,yes,0,1,0,0,0,yes,0,0,1,0,1,1,0,0,0,1,0,no,1,0,yes,0,1,0,1,0,0,Tiruvaru,7,yes,1,1,0,0,0,0.0,175,96.69,6,3.31,0,0.0,50,21.74,0.0,0.0,0.0,0.0,175.0,0.0,0.0,0.0
12342,Punavasal,Nidamangalam,Thanjavur,1131,370,269,4.2,565,566,998,164,79,85,929,693,61.3,353,340,1038,0,0.0,0,0,0,566,58.53,340,226,1504,444,39.3,334,110,3036,75,6.6,1,74,14,612,54.1,230,382,602,357,80.41,257,100,2570,15,3.38,15,0,0,72,16.22,62,10,6200,85,19.14,85,0,0,272,61.26,172,100,1720,0,0.0,0,0,0,0,0.0,0,0,0,11,2.48,11,0,0,4,0.9,4,0,0,0,0.0,0,0,0,39,8.78,36,3,12000,3,0.68,3,0,0,30,6.76,23,7,3286,yes,0,1,0,0,0,0,0,0,0,0,yes,0,0,0,0,0,1,0,0,0,0,0,0,0,0,0,0,no,1,0,0,0,0,yes,0,0,1,0,1,1,0,0,0,1,0,no,1,0,yes,0,1,0,1,0,0,Tiruvaru,7,yes,1,1,0,0,0,0.0,234,98.32,4,1.68,0,0.0,68,22.11,0.0,0.0,0.0,0.0,234.0,0.0,0.0,0.0
12343,Poonthalangudi,Nidamangalam,Thanjavur,788,276,211,3.7,376,412,913,144,66,78,846,600,76.1,291,309,942,0,0.0,0,0,0,266,41.3,169,97,1742,450,57.1,226,224,1009,0,0.0,0,0,0,338,42.9,150,188,798,413,91.78,202,211,957,5,1.11,4,1,4000,32,7.11,20,12,1667,31,6.89,29,2,14500,382,84.89,173,209,828,0,0.0,0,0,0,0,0.0,0,0,0,3,0.67,2,1,2000,2,0.44,2,0,0,0,0.0,0,0,0,19,4.22,14,5,2800,1,0.22,1,0,0,12,2.67,5,7,714,yes,0,1,0,0,0,0,0,0,0,0,no,2,0,0,0,0,0,0,0,0,0,0,0,0,0,0,0,no,1,0,0,0,0,yes,0,0,1,0,1,1,0,0,0,1,0,no,2,0,yes,0,1,0,1,0,0,Tiruvaru,8,yes,1,1,0,0,0,0.0,215,90.72,22,9.28,0,0.0,49,17.09,0.0,0.0,0.0,0.0,215.0,0.0,0.0,0.0
12344,Keelamanali,Nidamangalam,Thanjavur,780,373,186,4.2,397,383,1037,103,49,54,907,452,57.9,230,222,1036,0,0.0,0,0,0,374,55.24,228,146,1562,389,49.9,239,150,1593,0,0.0,0,0,0,391,50.1,158,233,678,331,85.09,188,143,1315,17,4.37,13,4,3250,41,10.54,38,3,12667,47,12.08,36,11,3273,284,73.01,152,132,1152,0,0.0,0,0,0,0,0.0,0,0,0,9,2.31,5,4,1250,6,1.54,6,0,0,2,0.51,2,0,0,11,2.83,11,0,0,13,3.34,13,0,0,17,4.37,14,3,4667,yes,0,1,0,0,0,0,0,0,0,0,no,2,0,0,0,0,0,0,0,0,0,0,0,0,0,0,0,no,1,0,0,0,0,yes,0,0,1,0,1,1,0,0,0,1,0,no,2,0,yes,0,1,0,1,0,0,Tiruvaru,8,yes,1,1,0,0,0,0.0,157,99.37,1,0.63,0,0.0,51,24.5,0.0,0.0,0.0,0.0,157.0,0.0,0.0,0.0
12345,Ohaiperaiyur,Nidamangalam,Thanjavur,1217,350,301,4.0,621,596,1042,175,87,88,989,903,74.2,465,438,1062,0,0.0,0,0,0,601,57.68,366,235,1557,674,55.4,390,284,1373,0,0.0,0,0,0,543,44.6,231,312,740,630,93.47,355,275,1291,16,2.37,15,1,15000,28,4.15,20,8,2500,90,13.35,89,1,89000,540,80.12,266,274,971,0,0.0,0,0,0,0,0.0,0,0,0,4,0.59,3,1,3000,12,1.78,12,0,0,0,0.0,0,0,0,6,0.89,6,0,0,0,0.0,0,0,0,22,3.26,14,8,1750,yes,0,2,0,0,0,0,0,0,0,0,no,1,0,0,0,0,0,0,0,0,0,0,0,0,0,0,0,no,1,0,0,0,0,yes,0,0,1,0,1,1,0,0,0,1,0,no,2,0,no,1,0,0,1,0,0,Kuttanallu,8,yes,1,1,0,0,0,0.0,258,99.61,1,0.39,0,0.0,88,25.47,0.0,0.0,0.0,0.0,258.0,0.0,0.0,0.0
12346,Agaravelukudi,Nidamangalam,Thanjavur,1075,488,688,1.6,535,540,991,124,65,59,1102,555,51.6,284,271,1048,0,0.0,0,0,0,582,61.2,334,248,1347,484,45.0,321,163,1969,48,4.5,2,46,43,543,50.5,212,331,640,425,87.81,270,155,1742,19,3.93,17,2,8500,40,8.26,34,6,5667,94,19.42,79,15,5267,331,68.39,191,140,1364,0,0.0,0,0,0,0,0.0,0,0,0,15,3.1,13,2,6500,3,0.62,3,0,0,1,0.21,1,0,0,12,2.48,12,0,0,3,0.62,3,0,0,25,5.17,19,6,3167,yes,0,2,1,0,0,0,0,0,0,0,no,1,0,0,0,0,0,0,0,0,0,0,0,0,0,0,0,yes,0,1,0,0,0,yes,0,0,1,0,1,1,0,0,0,1,0,no,2,0,yes,0,1,0,1,0,0,Kuttanallu,8,yes,1,1,0,0,0,0.0,168,99.41,1,0.59,0,0.0,51,23.22,0.0,0.0,0.0,0.0,168.0,0.0,0.0,0.0
12347,Palayanur,Nidamangalam,Thanjavur,1545,513,376,4.1,790,755,1046,274,139,135,1030,731,47.3,378,353,1071,0,0.0,0,0,0,821,64.59,518,303,1710,729,47.2,441,288,1531,0,0.0,0,0,0,816,52.8,349,467,747,628,86.15,351,277,1267,34,4.66,34,0,0,67,9.19,56,11,5091,84,11.52,68,16,4250,542,74.35,281,261,1077,2,0.0,2,0,0,0,0.0,0,0,0,2,0.27,2,0,0,29,3.98,29,0,0,3,0.41,3,0,0,35,4.8,33,2,16500,7,0.96,7,0,0,25,3.43,16,9,1778,yes,0,1,1,0,0,0,0,0,0,0,no,1,0,0,0,0,0,0,0,0,0,0,0,0,0,0,0,yes,0,1,0,0,0,yes,0,0,1,0,1,1,0,0,0,1,0,no,2,0,yes,0,1,0,1,0,0,Tiruvaru,5,yes,1,1,0,0,0,0.0,211,98.14,4,1.86,0,0.0,86,28.63,0.0,0.0,0.0,0.0,211.0,0.0,0.0,0.0
12348,Kothangudi,Nidamangalam,Thanjavur,2217,1085,489,4.5,1118,1099,1017,382,197,185,1065,731,33.0,369,362,1019,0,0.0,0,0,0,1192,64.96,698,494,1413,848,38.2,619,229,2703,0,0.0,0,0,0,1369,61.8,499,870,574,384,45.28,212,172,1233,134,15.8,132,2,66000,330,38.92,275,55,5000,41,4.83,38,3,12667,340,40.09,171,169,1012,3,0.0,3,0,0,0,0.0,0,0,0,2,0.24,2,0,0,53,6.25,53,0,0,79,9.32,77,2,38500,169,19.93,162,7,23143,25,2.95,25,0,0,136,16.04,88,48,1833,yes,0,1,0,0,0,0,0,0,0,0,no,1,0,0,0,0,0,0,0,0,0,0,0,0,0,0,0,yes,0,1,0,0,0,yes,0,0,1,0,1,1,0,0,0,1,0,no,2,0,yes,0,1,0,1,0,0,Kuthanallu,6,yes,1,1,0,0,0,0.0,147,94.84,8,5.16,0,0.0,49,24.15,0.0,0.0,0.0,0.0,147.0,0.0,0.0,0.0
12349,Vadagavanur,Nidamangalam,Thanjavur,966,353,227,4.3,483,483,1000,149,63,86,733,316,32.7,167,149,1121,0,0.0,0,0,0,503,61.57,304,199,1528,415,43.0,304,111,2739,18,1.9,0,18,0,533,55.2,179,354,506,401,96.63,292,109,2679,2,0.48,2,0,0,12,2.89,10,2,5000,188,45.3,176,12,14667,213,51.33,116,97,1196,0,0.0,0,0,0,0,0.0,0,0,0,0,0.0,0,0,0,0,0.0,0,0,0,2,0.48,2,0,0,2,0.48,2,0,0,1,0.24,1,0,0,9,2.17,7,2,3500,yes,0,1,0,0,0,0,0,0,0,0,no,2,0,0,0,0,0,0,0,0,0,0,0,0,0,0,0,no,1,0,0,0,0,yes,0,0,1,0,1,1,0,0,0,1,0,no,2,0,no,1,0,0,1,0,0,Kuttanallu,5,yes,1,1,0,0,0,0.0,179,93.72,12,6.28,0,0.0,83,30.16,0.0,0.0,0.0,0.0,179.0,0.0,0.0,0.0
12350,Thengovanur,Nidamangalam,Thanjavur,1422,377,357,4.0,717,705,1017,206,113,93,1215,823,57.9,413,410,1007,0,0.0,0,0,0,697,57.32,408,289,1412,505,35.5,427,78,5474,55,3.9,0,55,0,862,60.6,290,572,507,456,90.3,384,72,5333,17,3.37,16,1,16000,32,6.34,27,5,5400,39,7.72,38,1,38000,417,82.57,346,71,4873,0,0.0,0,0,0,0,0.0,0,0,0,5,0.99,4,1,4000,5,0.99,5,0,0,7,1.39,7,0,0,12,2.38,12,0,0,4,0.79,4,0,0,16,3.17,11,5,2200,yes,0,2,0,0,0,0,0,0,0,0,no,2,0,0,0,0,0,0,0,0,0,0,0,0,0,0,0,no,1,0,0,0,0,yes,0,0,1,0,1,1,0,0,0,1,0,no,2,0,no,1,0,0,1,0,0,Kuttanallu,5,yes,1,1,0,0,0,0.0,316,99.68,1,0.32,0,0.0,60,15.86,0.0,0.0,0.0,0.0,316.0,0.0,0.0,0.0
12351,Thirurameswaram,Nidamangalam,Thanjavur,1820,391,436,4.2,919,901,1020,341,220,121,1818,1200,65.9,613,587,1044,4,0.2,2,2,1000,956,64.64,563,393,1433,628,34.5,508,120,4233,267,14.7,0,267,0,925,50.8,411,514,800,518,82.48,417,101,4129,27,4.3,19,8,2375,83,13.22,72,11,6545,166,26.43,156,10,15600,351,55.89,260,91,2857,1,0.0,1,0,0,0,0.0,0,0,0,17,2.71,11,6,1833,10,1.59,8,2,4000,0,0.0,0,0,0,32,5.1,29,3,9667,4,0.64,4,0,0,47,7.48,39,8,4875,yes,0,1,1,0,0,0,0,0,0,0,no,2,0,0,0,0,0,0,0,0,0,0,0,0,0,0,0,yes,0,1,0,0,0,yes,0,0,1,0,1,1,0,0,0,1,0,no,2,0,no,1,0,0,1,0,0,Kuttanallu,5,yes,1,1,0,0,0,0.0,346,97.46,9,2.54,20,4.3,90,19.39,0.0,0.0,0.0,0.0,346.0,0.0,0.0,0.0
12352,Manjanavadi,Nidamangalam,Thanjavur,1106,349,264,4.2,568,538,1056,159,92,67,1373,663,59.9,352,311,1132,0,0.0,0,0,0,507,53.54,298,209,1426,466,42.1,320,146,2192,196,17.7,0,196,0,444,40.1,248,196,1265,424,90.99,286,138,2072,6,1.29,6,0,0,36,7.73,28,8,3500,159,34.12,117,42,2786,265,56.87,169,96,1760,0,0.0,0,0,0,0,0.0,0,0,0,0,0.0,0,0,0,6,1.29,6,0,0,0,0.0,0,0,0,16,3.43,13,3,4333,4,0.86,3,1,3000,16,3.43,12,4,3000,yes,0,1,0,0,0,0,0,0,0,0,no,2,0,0,0,0,0,0,0,0,0,0,0,0,0,0,0,no,1,0,0,0,0,yes,0,0,1,0,1,1,0,0,0,1,0,no,1,0,yes,0,1,0,1,0,0,Kuttanallu,5,yes,1,1,0,0,0,0.0,250,99.21,2,0.79,0,0.0,65,20.41,0.0,0.0,0.0,0.0,250.0,0.0,0.0,0.0
12353,Overchery,Nidamangalam,Thanjavur,1121,459,274,4.1,571,550,1038,193,99,94,1053,841,75.0,429,412,1041,0,0.0,0,0,0,387,41.7,262,125,2096,572,51.0,334,238,1403,2,0.2,0,2,0,547,48.8,237,310,765,512,89.51,281,231,1216,11,1.92,9,2,4500,49,8.57,44,5,8800,32,5.59,31,1,31000,480,83.92,250,230,1087,0,0.0,0,0,0,0,0.0,0,0,0,0,0.0,0,0,0,8,1.4,7,1,7000,3,0.52,2,1,2000,26,4.55,26,0,0,5,0.87,5,0,0,18,3.15,13,5,2600,yes,0,1,1,0,0,0,0,0,0,0,no,2,0,0,0,0,0,0,0,0,0,0,0,0,0,0,0,yes,0,1,0,0,0,yes,0,0,1,0,1,1,0,0,0,1,0,no,2,0,yes,0,1,0,1,0,0,Kuttanallu,4,yes,1,1,0,0,0,0.0,193,97.97,4,2.03,0,0.0,47,19.33,0.0,0.0,0.0,0.0,193.0,0.0,0.0,0.0
12354,Vergudi,Nidamangalam,Thanjavur,1251,473,260,4.8,611,640,955,229,111,118,941,526,42.0,270,256,1055,0,0.0,0,0,0,582,56.95,346,236,1466,460,36.8,312,148,2108,11,0.9,0,11,0,780,62.4,299,481,622,380,82.61,237,143,1657,17,3.7,16,1,16000,63,13.7,59,4,14750,84,18.26,79,5,15800,296,64.35,158,138,1145,0,0.0,0,0,0,0,0.0,0,0,0,4,0.87,3,1,3000,10,2.17,10,0,0,3,0.65,3,0,0,27,5.87,27,0,0,5,1.09,5,0,0,31,6.74,27,4,6750,yes,0,1,0,0,0,0,0,0,0,0,no,2,0,0,0,0,0,0,0,0,0,0,0,0,0,0,0,yes,0,1,0,0,0,yes,0,0,1,0,1,1,0,0,0,1,0,no,2,0,yes,0,1,0,1,0,0,Kuttanallu,5,yes,1,1,0,0,0,0.0,212,99.53,1,0.47,0,0.0,51,19.44,0.0,0.0,0.0,0.0,212.0,0.0,0.0,0.0
12355,Sitanur,Nidamangalam,Thanjavur,1759,784,378,4.7,874,885,988,247,125,122,1025,435,24.7,219,216,1014,0,0.0,0,0,0,881,58.27,512,369,1388,663,37.7,514,149,3450,0,0.0,0,0,0,1096,62.3,360,736,489,547,82.5,416,131,3176,35,5.28,34,1,34000,81,12.22,64,17,3765,246,37.1,232,14,16571,300,45.25,183,117,1564,1,0.0,1,0,0,0,0.0,0,0,0,4,0.6,3,1,3000,27,4.07,27,0,0,4,0.6,4,0,0,28,4.22,27,1,27000,8,1.21,8,0,0,45,6.79,29,16,1813,yes,0,1,0,0,0,0,0,0,0,0,yes,0,0,0,0,0,1,0,0,0,0,0,0,0,0,0,0,yes,0,1,0,0,0,yes,0,0,1,0,1,1,0,0,0,1,0,no,1,0,yes,0,1,0,1,0,0,Kuttanallu,6,yes,1,1,0,0,0,0.0,134,95.04,7,4.96,0,0.0,83,37.12,0.0,0.0,0.0,0.0,134.0,0.0,0.0,0.0
12356,Kakkaiyadi,Nidamangalam,Thanjavur,898,390,200,4.5,452,446,1013,116,50,66,758,511,56.9,249,262,950,0,0.0,0,0,0,450,57.54,279,171,1632,285,31.7,252,33,7636,4,0.4,2,2,1000,609,67.8,198,411,482,214,75.09,185,29,6379,17,5.96,17,0,0,54,18.95,50,4,12500,36,12.63,34,2,17000,178,62.46,151,27,5593,0,0.0,0,0,0,0,0.0,0,0,0,1,0.35,1,0,0,16,5.61,16,0,0,0,0.0,0,0,0,23,8.07,23,0,0,7,2.46,7,0,0,24,8.42,20,4,5000,no,1,0,0,0,0,0,0,0,0,0,no,1,0,0,0,0,0,0,0,0,0,0,0,0,0,0,0,no,1,0,0,0,0,yes,0,0,1,0,1,1,0,0,0,1,0,no,1,0,yes,0,1,0,1,0,0,Kuttanallu,5,yes,1,1,0,0,0,0.0,176,98.32,3,1.68,0,0.0,51,22.32,0.0,0.0,0.0,0.0,176.0,0.0,0.0,0.0
12357,Vadapathimangalam,Nidamangalam,Thanjavur,1940,551,473,4.1,997,943,1057,293,159,134,1187,805,41.5,423,382,1107,6,0.3,3,3,1000,1117,67.82,642,475,1352,855,44.1,573,282,2032,7,0.4,3,4,750,1078,55.6,421,657,641,519,60.7,274,245,1118,196,22.92,192,4,48000,140,16.37,107,33,3242,51,5.96,38,13,2923,465,54.39,233,232,1004,3,0.0,3,0,0,0,0.0,0,0,0,5,0.58,5,0,0,180,21.05,178,2,89000,11,1.29,9,2,4500,88,10.29,67,21,3190,13,1.52,13,0,0,39,4.56,27,12,2250,yes,0,1,1,1,0,0,0,0,0,0,no,3,0,0,0,0,0,0,0,0,0,0,0,0,0,0,0,yes,0,1,0,0,0,yes,0,0,1,0,1,1,0,0,0,1,0,no,2,0,yes,0,1,0,1,0,0,Kuttanallu,10,yes,1,1,0,0,0,0.0,116,95.87,5,4.13,0,0.0,231,65.66,0.0,0.0,0.0,0.0,116.0,0.0,0.0,0.0
12358,Harichandrapuram,Nidamangalam,Thanjavur,1861,658,431,4.3,967,894,1082,287,149,138,1080,776,41.7,392,384,1021,0,0.0,0,0,0,1041,66.14,640,401,1596,667,35.8,485,182,2665,2,0.1,0,2,0,1192,64.1,482,710,679,494,74.06,320,174,1839,88,13.19,87,1,87000,85,12.74,78,7,11143,88,13.19,85,3,28333,402,60.27,231,171,1351,4,0.01,4,0,0,0,0.0,0,0,0,10,1.5,9,1,9000,75,11.24,75,0,0,3,0.45,3,0,0,38,5.7,36,2,18000,7,1.05,7,0,0,40,6.0,35,5,7000,yes,0,1,0,0,0,0,0,0,0,0,no,3,0,0,0,0,0,0,0,0,0,0,0,0,0,0,0,yes,0,1,0,0,0,yes,0,0,1,0,1,1,0,0,0,1,0,no,2,0,yes,0,1,0,1,0,0,IKuttanallu,10,yes,1,1,0,0,0,0.0,142,91.61,13,8.39,0,0.0,128,45.19,0.0,0.0,0.0,0.0,142.0,0.0,0.0,0.0
12359,Pullamangalam,Nidamangalam,Thanjavur,1618,570,420,3.9,826,792,1043,208,115,93,1237,637,39.4,341,296,1152,0,0.0,0,0,0,923,65.46,565,358,1578,561,34.7,448,113,3965,45,2.8,1,44,23,1012,62.5,377,635,594,415,73.98,319,96,3323,54,9.63,53,1,53000,92,16.4,76,16,4750,82,14.62,79,3,26333,332,59.18,239,93,2570,1,0.0,1,0,0,0,0.0,0,0,0,0,0.0,0,0,0,54,9.63,53,1,53000,0,0.0,0,0,0,38,6.77,35,3,11667,7,1.25,7,0,0,47,8.38,34,13,2615,yes,0,1,1,1,0,0,0,0,0,0,no,3,0,0,0,0,0,0,0,0,0,0,0,0,0,0,0,yes,0,1,0,0,0,yes,0,0,1,0,1,1,0,0,0,1,0,no,2,0,yes,0,1,0,1,0,0,Kuttanallu,10,yes,1,1,0,0,0,0.0,172,90.05,19,9.95,0,0.0,93,32.71,0.0,0.0,0.0,0.0,172.0,0.0,0.0,0.0
12360,Kiliyanoor,Nidamangalam,Thanjavur,2750,653,640,4.3,1424,1326,1074,401,224,177,1266,1166,42.4,592,574,1031,7,0.3,5,2,2500,1639,69.77,975,664,1468,1148,41.7,772,376,2053,10,0.4,8,2,4000,1592,57.9,644,948,679,736,64.11,393,343,1146,224,19.51,212,12,17667,188,16.38,167,21,7952,84,7.32,75,9,8333,646,56.27,313,333,940,6,0.01,5,1,5000,0,0.0,0,0,0,0,0.0,0,0,0,212,18.47,202,10,20200,12,1.05,10,2,5000,56,4.88,54,2,27000,39,3.4,38,1,38000,93,8.1,75,18,4167,no,1,0,0,0,0,0,0,0,0,0,no,3,0,0,0,0,0,0,0,0,0,0,0,0,0,0,0,no,1,0,0,0,0,yes,0,0,1,0,1,1,0,0,0,1,0,no,2,0,yes,0,1,0,1,0,0,Kuttanallu,10,yes,1,1,0,0,0,0.0,54,80.6,13,19.4,0,0.0,354,84.1,0.0,0.0,0.0,0.0,54.0,0.0,0.0,0.0
12361,Periyakothur,Nidamangalam,Thanjavur,716,244,170,4.2,365,351,1040,81,39,42,929,394,55.0,206,188,1096,0,0.0,0,0,0,361,56.85,232,129,1798,376,52.5,228,148,1541,0,0.0,0,0,0,340,47.5,137,203,675,352,93.62,215,137,1569,9,2.39,9,0,0,15,3.99,4,11,364,45,11.97,44,1,44000,304,80.85,168,136,1235,3,0.01,3,0,0,0,0.0,0,0,0,0,0.0,0,0,0,7,1.86,7,0,0,2,0.53,2,0,0,6,1.6,1,5,200,1,0.27,1,0,0,8,2.13,2,6,333,yes,0,1,0,0,0,0,0,0,0,0,no,3,0,0,0,0,0,0,0,0,0,0,0,0,0,0,0,no,1,0,0,0,0,yes,0,0,1,0,1,1,0,0,0,1,0,no,3,0,no,1,0,0,1,0,0,Kuttanallu,10,yes,1,1,0,0,0,0.0,147,96.08,6,3.92,0,0.0,141,47.88,0.0,0.0,0.0,0.0,147.0,0.0,0.0,0.0
12362,Manakkarai,Nidamangalam,Thanjavur,1404,613,338,4.2,705,699,1009,149,72,77,935,520,37.0,257,263,977,0,0.0,0,0,0,951,75.78,549,402,1366,543,38.7,388,155,2503,144,10.3,0,144,0,717,51.1,317,400,793,438,80.66,302,136,2221,41,7.55,36,5,7200,64,11.79,50,14,3571,165,30.39,147,18,8167,272,50.09,154,118,1305,1,0.0,1,0,0,0,0.0,0,0,0,5,0.92,0,5,0,35,6.45,35,0,0,1,0.18,1,0,0,23,4.24,22,1,22000,2,0.37,2,0,0,39,7.18,26,13,2000,yes,0,2,0,0,0,0,0,0,0,0,no,3,0,0,0,0,0,0,0,0,0,0,0,0,0,0,0,no,1,0,0,0,0,yes,0,0,1,0,1,1,0,0,0,0,0,no,3,0,no,1,0,0,1,0,0,Kuttanallu,10,yes,1,1,0,0,0,0.0,160,95.81,7,4.19,0,0.0,62,27.07,0.0,0.0,0.0,0.0,160.0,0.0,0.0,0.0
12363,Palakurichy,Nidamangalam,Thanjavur,1263,339,325,3.9,659,604,1091,173,86,87,989,813,64.4,427,386,1106,0,0.0,0,0,0,707,64.86,442,265,1668,688,54.5,396,292,1356,82,6.5,0,82,0,493,39.0,263,230,1143,643,93.46,357,286,1248,13,1.89,13,0,0,32,4.65,26,6,4333,14,2.03,14,0,0,629,91.42,343,286,1199,0,0.0,0,0,0,0,0.0,0,0,0,0,0.0,0,0,0,12,1.74,12,0,0,1,0.15,1,0,0,6,0.87,6,0,0,1,0.15,1,0,0,25,3.63,19,6,3167,yes,0,2,0,0,0,0,0,0,0,0,no,3,0,0,0,0,0,0,0,0,0,0,0,0,0,0,0,yes,0,1,0,0,0,yes,0,0,1,0,1,1,0,0,0,1,0,no,3,0,yes,0,1,0,1,0,0,Kuttanallu,11,yes,1,1,0,0,0,0.0,275,97.17,8,2.83,0,0.0,89,24.0,0.0,0.0,0.0,0.0,275.0,0.0,0.0,0.0
12364,Chithraiyur,Nidamangalam,Thanjavur,1127,307,293,3.8,570,557,1023,126,60,66,909,610,54.1,300,310,968,0,0.0,0,0,0,568,56.74,332,236,1407,641,56.9,355,286,1241,77,6.8,1,76,13,409,36.3,214,195,1097,571,89.08,291,280,1039,19,2.96,19,0,0,51,7.96,45,6,7500,50,7.8,36,14,2571,520,81.12,254,266,955,1,0.0,1,0,0,0,0.0,0,0,0,6,0.94,6,0,0,8,1.25,8,0,0,5,0.78,5,0,0,23,3.59,20,3,6667,7,1.09,7,0,0,21,3.28,18,3,6000,yes,0,1,0,0,0,0,0,0,0,0,no,3,0,0,0,0,0,0,0,0,0,0,0,0,0,0,0,no,1,0,0,0,0,yes,0,0,1,0,1,1,0,0,0,1,0,no,3,0,no,1,0,0,1,0,0,Kuttanallu,10,yes,1,1,0,0,0,0.0,246,90.11,27,9.89,0,0.0,94,25.53,0.0,0.0,0.0,0.0,246.0,0.0,0.0,0.0
12365,Sendangudi,Nidamangalam,Thanjavur,1776,497,432,4.1,884,892,991,230,117,113,1035,598,33.7,292,306,954,0,0.0,0,0,0,1117,72.25,645,472,1367,744,41.9,551,193,2855,0,0.0,0,0,0,1032,58.1,333,699,476,606,81.45,422,184,2293,32,4.3,32,0,0,106,14.25,97,9,10778,192,25.81,173,19,9105,405,54.44,240,165,1455,9,0.01,9,0,0,0,0.0,0,0,0,0,0.0,0,0,0,30,4.03,30,0,0,2,0.27,2,0,0,54,7.26,51,3,17000,7,0.94,7,0,0,45,6.05,39,6,6500,yes,0,0,0,0,0,0,0,0,0,1,no,2,0,0,0,0,0,0,0,0,0,0,0,0,0,0,0,yes,0,1,0,0,0,yes,0,0,1,0,1,1,0,0,0,1,0,no,3,0,yes,0,1,0,1,0,0,Kuttanallu,10,yes,1,1,0,0,0,0.0,250,98.43,4,1.57,0,0.0,103,28.88,0.0,0.0,0.0,0.0,250.0,0.0,0.0,0.0
12366,Kulamanickam,Nidamangalam,Thanjavur,1336,364,361,3.7,666,670,994,217,99,118,839,907,67.9,457,450,1016,0,0.0,0,0,0,373,33.33,267,106,2519,770,57.6,426,344,1238,9,0.7,5,4,1250,557,41.7,235,322,730,716,92.99,380,336,1131,20,2.6,20,0,0,34,4.42,26,8,3250,4,0.52,4,0,0,712,92.47,376,336,1119,0,0.0,0,0,0,0,0.0,0,0,0,1,0.13,1,0,0,19,2.47,19,0,0,0,0.0,0,0,0,20,2.6,19,1,19000,2,0.26,2,0,0,12,1.56,5,7,714,yes,0,1,0,0,0,0,0,0,0,0,no,3,0,0,0,0,0,0,0,0,0,0,0,0,0,0,0,no,1,0,0,0,0,yes,0,0,1,0,1,1,0,0,0,1,0,no,3,0,yes,0,1,0,1,0,0,Kuttanallu,10,yes,1,1,0,0,0,0.0,15,93.75,1,6.25,0,0.0,351,95.64,0.0,0.0,0.0,0.0,15.0,0.0,0.0,0.0
12367,Movattagudi,Nidamangalam,Thanjavur,1161,280,308,3.8,568,593,958,171,81,90,900,781,67.3,376,405,928,0,0.0,0,0,0,483,48.79,309,174,1776,653,56.2,391,262,1492,3,0.3,0,3,0,505,43.5,177,328,540,625,95.71,369,256,1441,13,1.99,12,1,12000,15,2.3,10,5,2000,103,15.77,98,5,19600,522,79.94,271,251,1080,0,0.0,0,0,0,0,0.0,0,0,0,3,0.46,2,1,2000,10,1.53,10,0,0,0,0.0,0,0,0,3,0.46,3,0,0,3,0.46,3,0,0,9,1.38,4,5,800,yes,0,1,0,0,0,0,0,0,0,0,no,3,0,0,0,0,0,0,0,0,0,0,0,0,0,0,0,no,1,0,0,0,0,yes,0,0,1,0,1,0,0,0,0,1,0,no,3,0,yes,0,1,0,1,0,0,Tiruvaru,10,yes,1,1,0,0,0,0.0,330,93.48,23,6.52,0,0.0,62,14.95,0.0,0.0,0.0,0.0,330.0,0.0,0.0,0.0
12368,seruvamani,Nidamangalam,Thanjavur,1627,507,391,4.2,814,813,1001,235,113,122,926,659,40.5,328,331,991,0,0.0,0,0,0,773,55.53,485,288,1684,749,46.0,498,251,1984,44,2.7,14,30,467,834,51.3,302,532,568,657,87.58,419,238,1761,31,4.27,27,4,6750,61,8.14,52,9,5778,130,17.36,121,9,13444,523,69.83,295,228,1294,3,0.0,2,1,2000,1,0.13,1,0,0,17,2.27,15,2,7500,11,1.47,9,2,4500,3,0.4,3,0,0,21,2.8,19,2,9500,3,0.4,3,0,0,37,4.94,30,7,4286,yes,0,1,0,0,0,0,0,0,0,0,no,3,0,0,0,0,0,0,0,0,0,0,0,0,0,0,0,yes,0,1,0,0,0,yes,0,0,1,1,1,0,0,0,0,0,0,no,3,0,yes,0,1,0,1,0,0,Tiruvaru,10,yes,1,1,0,0,0,0.0,251,99.6,1,0.4,0,0.0,69,21.53,0.0,0.0,0.0,0.0,251.0,0.0,0.0,0.0
12369,Marangudi,Nidamangalam,Thanjavur,1617,649,396,4.1,802,815,984,207,99,108,917,730,45.1,366,364,1005,32,2.0,17,15,1133,1024,72.62,609,415,1467,744,46.0,462,282,1638,2,0.1,0,2,0,871,53.9,340,531,640,602,80.91,335,267,1255,18,2.42,16,2,8000,124,16.67,111,13,8538,91,12.23,63,28,2250,511,68.68,272,239,1138,0,0.0,0,0,0,0,0.0,0,0,0,2,0.27,0,2,0,13,1.75,13,0,0,3,0.4,3,0,0,41,5.51,39,2,19500,6,0.81,6,0,0,77,10.35,66,11,6000,yes,0,1,0,0,0,0,0,0,0,0,no,3,0,0,0,0,0,0,0,0,0,0,0,0,0,0,0,yes,0,1,0,0,0,yes,0,0,1,0,1,1,0,0,0,1,0,no,3,0,yes,0,1,0,1,0,0,Tiruvaru,15,yes,1,1,0,0,0,0.0,172,95.56,8,4.44,0,0.0,69,27.75,0.0,0.0,0.0,0.0,172.0,0.0,0.0,0.0
