State,District,Subdistt,Town/Village,Ward,EB,Level,Name,TRU,No_HH,TOT_P,TOT_M,TOT_F,P_06,M_06,F_06,P_SC,M_SC,F_SC,P_ST,M_ST,F_ST,P_LIT,M_LIT,F_LIT,P_ILL,M_ILL,F_ILL,TOT_WORK_P,TOT_WORK_M,TOT_WORK_F,MAINWORK_P,MAINWORK_M,MAINWORK_F,MAIN_CL_P,MAIN_CL_M,MAIN_CL_F,MAIN_AL_P,MAIN_AL_M,MAIN_AL_F,MAIN_HH_P,MAIN_HH_M,MAIN_HH_F,MAIN_OT_P,MAIN_OT_M,MAIN_OT_F,MARGWORK_P,MARGWORK_M,MARGWORK_F,MARG_CL_P,MARG_CL_M,MARG_CL_F,MARG_AL_P,MARG_AL_M,MARG_AL_F,MARG_HH_P,MARG_HH_M,MARG_HH_F,MARG_OT_P,MARG_OT_M,MARG_OT_F,MARGWORK_3_6_P,MARGWORK_3_6_M,MARGWORK_3_6_F,MARG_CL_3_6_P,MARG_CL_3_6_M,MARG_CL_3_6_F,MARG_AL_3_6_P,MARG_AL_3_6_M,MARG_AL_3_6_F,MARG_HH_3_6_P,MARG_HH_3_6_M,MARG_HH_3_6_F,MARG_OT_3_6_P,MARG_OT_3_6_M,MARG_OT_3_6_F,MARGWORK_0_3_P,MARGWORK_0_3_M,MARGWORK_0_3_F,MARG_CL_0_3_P,MARG_CL_0_3_M,MARG_CL_0_3_F,MARG_AL_0_3_P,MARG_AL_0_3_M,MARG_AL_0_3_F,MARG_HH_0_3_P,MARG_HH_0_3_M,MARG_HH_0_3_F,MARG_OT_0_3_P,MARG_OT_0_3_M,MARG_OT_0_3_F,NON_WORK_P,NON_WORK_M,NON_WORK_F,STATE,State - Code
33.0,611.0,5755.0,0.0,0.0,0.0,SUB-DISTRICT,Gudalur,Total,25075.0,104768.0,51497.0,53271.0,11473.0,5818.0,5655.0,27800.0,13717.0,14083.0,6616.0,3237.0,3379.0,80913.0,41737.0,39176.0,23855.0,9760.0,14095.0,42926.0,28356.0,14570.0,37361.0,25197.0,12164.0,1934.0,1401.0,533.0,7113.0,4258.0,2855.0,340.0,206.0,134.0,27974.0,19332.0,8642.0,5565.0,3159.0,2406.0,158.0,113.0,45.0,1094.0,596.0,498.0,198.0,71.0,127.0,4115.0,2379.0,1736.0,4843.0,2785.0,2058.0,145.0,100.0,45.0,970.0,529.0,441.0,159.0,55.0,104.0,3569.0,2101.0,1468.0,722.0,374.0,348.0,13.0,13.0,0.0,124.0,67.0,57.0,39.0,16.0,23.0,546.0,278.0,268.0,61842.0,23141.0,38701.0,,
33.0,611.0,5755.0,0.0,0.0,0.0,SUB-DISTRICT,Gudalur,Rural,2073.0,8336.0,4102.0,4234.0,941.0,446.0,495.0,431.0,222.0,209.0,1702.0,828.0,874.0,5954.0,3101.0,2853.0,2382.0,1001.0,1381.0,3584.0,2383.0,1201.0,3158.0,2134.0,1024.0,901.0,649.0,252.0,1064.0,642.0,422.0,24.0,14.0,10.0,1169.0,829.0,340.0,426.0,249.0,177.0,14.0,13.0,1.0,93.0,47.0,46.0,9.0,2.0,7.0,310.0,187.0,123.0,370.0,226.0,144.0,10.0,9.0,1.0,76.0,40.0,36.0,4.0,0.0,4.0,280.0,177.0,103.0,56.0,23.0,33.0,4.0,4.0,0.0,17.0,7.0,10.0,5.0,2.0,3.0,30.0,10.0,20.0,4752.0,1719.0,3033.0,,
33.0,611.0,5755.0,0.0,0.0,0.0,SUB-DISTRICT,Gudalur,Urban,23002.0,96432.0,47395.0,49037.0,10532.0,5372.0,5160.0,27369.0,13495.0,13874.0,4914.0,2409.0,2505.0,74959.0,38636.0,36323.0,21473.0,8759.0,12714.0,39342.0,25973.0,13369.0,34203.0,23063.0,11140.0,1033.0,752.0,281.0,6049.0,3616.0,2433.0,316.0,192.0,124.0,26805.0,18503.0,8302.0,5139.0,2910.0,2229.0,144.0,100.0,44.0,1001.0,549.0,452.0,189.0,69.0,120.0,3805.0,2192.0,1613.0,4473.0,2559.0,1914.0,135.0,91.0,44.0,894.0,489.0,405.0,155.0,55.0,100.0,3289.0,1924.0,1365.0,666.0,351.0,315.0,9.0,9.0,0.0,107.0,60.0,47.0,34.0,14.0,20.0,516.0,268.0,248.0,57090.0,21422.0,35668.0,,
33.0,611.0,5755.0,635084.0,0.0,0.0,VILLAGE,Nellakotta,Rural,110.0,483.0,236.0,247.0,78.0,39.0,39.0,17.0,8.0,9.0,180.0,87.0,93.0,271.0,148.0,123.0,212.0,88.0,124.0,179.0,108.0,71.0,146.0,89.0,57.0,39.0,37.0,2.0,76.0,33.0,43.0,3.0,2.0,1.0,28.0,17.0,11.0,33.0,19.0,14.0,6.0,6.0,0.0,18.0,8.0,10.0,5.0,1.0,4.0,4.0,4.0,0.0,8.0,6.0,2.0,3.0,3.0,0.0,3.0,2.0,1.0,1.0,0.0,1.0,1.0,1.0,0.0,25.0,13.0,12.0,3.0,3.0,0.0,15.0,6.0,9.0,4.0,1.0,3.0,3.0,3.0,0.0,304.0,128.0,176.0,,
33.0,611.0,5755.0,635085.0,0.0,0.0,VILLAGE,Mudumalai,Rural,404.0,1694.0,811.0,883.0,200.0,88.0,112.0,45.0,26.0,19.0,534.0,256.0,278.0,1109.0,580.0,529.0,585.0,231.0,354.0,770.0,484.0,286.0,591.0,366.0,225.0,430.0,259.0,171.0,75.0,42.0,33.0,5.0,2.0,3.0,81.0,63.0,18.0,179.0,118.0,61.0,5.0,4.0,1.0,1.0,1.0,0.0,0.0,0.0,0.0,173.0,113.0,60.0,155.0,110.0,45.0,4.0,3.0,1.0,1.0,1.0,0.0,0.0,0.0,0.0,150.0,106.0,44.0,24.0,8.0,16.0,1.0,1.0,0.0,0.0,0.0,0.0,0.0,0.0,0.0,23.0,7.0,16.0,924.0,327.0,597.0,,
33.0,611.0,5755.0,635086.0,0.0,0.0,VILLAGE,Srimadurai,Rural,1559.0,6159.0,3055.0,3104.0,663.0,319.0,344.0,369.0,188.0,181.0,988.0,485.0,503.0,4574.0,2373.0,2201.0,1585.0,682.0,903.0,2635.0,1791.0,844.0,2421.0,1679.0,742.0,432.0,353.0,79.0,913.0,567.0,346.0,16.0,10.0,6.0,1060.0,749.0,311.0,214.0,112.0,102.0,3.0,3.0,0.0,74.0,38.0,36.0,4.0,1.0,3.0,133.0,70.0,63.0,207.0,110.0,97.0,3.0,3.0,0.0,72.0,37.0,35.0,3.0,0.0,3.0,129.0,70.0,59.0,7.0,2.0,5.0,0.0,0.0,0.0,2.0,1.0,1.0,1.0,1.0,0.0,4.0,0.0,4.0,3524.0,1264.0,2260.0,,
33.0,611.0,5755.0,803559.0,0.0,0.0,TOWN,Devarshola (TP),Urban,5594.0,24954.0,12342.0,12612.0,2970.0,1535.0,1435.0,4489.0,2279.0,2210.0,2701.0,1335.0,1366.0,18467.0,9584.0,8883.0,6487.0,2758.0,3729.0,10185.0,6639.0,3546.0,8971.0,5935.0,3036.0,401.0,323.0,78.0,2415.0,1389.0,1026.0,54.0,27.0,27.0,6101.0,4196.0,1905.0,1214.0,704.0,510.0,45.0,27.0,18.0,359.0,204.0,155.0,34.0,7.0,27.0,776.0,466.0,310.0,1067.0,627.0,440.0,44.0,26.0,18.0,338.0,189.0,149.0,23.0,5.0,18.0,662.0,407.0,255.0,147.0,77.0,70.0,1.0,1.0,0.0,21.0,15.0,6.0,11.0,2.0,9.0,114.0,59.0,55.0,14769.0,5703.0,9066.0,,
33.0,611.0,5755.0,803559.0,1.0,0.0,WARD,Devarshola (TP) WARD NO.-0001,Urban,140.0,508.0,255.0,253.0,49.0,29.0,20.0,243.0,121.0,122.0,5.0,3.0,2.0,397.0,209.0,188.0,111.0,46.0,65.0,263.0,147.0,116.0,245.0,141.0,104.0,0.0,0.0,0.0,2.0,2.0,0.0,0.0,0.0,0.0,243.0,139.0,104.0,18.0,6.0,12.0,0.0,0.0,0.0,0.0,0.0,0.0,0.0,0.0,0.0,18.0,6.0,12.0,13.0,6.0,7.0,0.0,0.0,0.0,0.0,0.0,0.0,0.0,0.0,0.0,13.0,6.0,7.0,5.0,0.0,5.0,0.0,0.0,0.0,0.0,0.0,0.0,0.0,0.0,0.0,5.0,0.0,5.0,245.0,108.0,137.0,,
33.0,611.0,5755.0,803559.0,2.0,0.0,WARD,Devarshola (TP) WARD NO.-0002,Urban,344.0,1674.0,839.0,835.0,205.0,107.0,98.0,121.0,61.0,60.0,242.0,118.0,124.0,1198.0,626.0,572.0,476.0,213.0,263.0,728.0,479.0,249.0,719.0,474.0,245.0,96.0,85.0,11.0,364.0,184.0,180.0,0.0,0.0,0.0,259.0,205.0,54.0,9.0,5.0,4.0,2.0,1.0,1.0,2.0,0.0,2.0,0.0,0.0,0.0,5.0,4.0,1.0,7.0,3.0,4.0,2.0,1.0,1.0,2.0,0.0,2.0,0.0,0.0,0.0,3.0,2.0,1.0,2.0,2.0,0.0,0.0,0.0,0.0,0.0,0.0,0.0,0.0,0.0,0.0,2.0,2.0,0.0,946.0,360.0,586.0,,
33.0,611.0,5755.0,803559.0,3.0,0.0,WARD,Devarshola (TP) WARD NO.-0003,Urban,326.0,1542.0,763.0,779.0,196.0,101.0,95.0,87.0,45.0,42.0,1.0,0.0,1.0,1249.0,642.0,607.0,293.0,121.0,172.0,485.0,387.0,98.0,443.0,362.0,81.0,51.0,51.0,0.0,91.0,70.0,21.0,5.0,4.0,1.0,296.0,237.0,59.0,42.0,25.0,17.0,0.0,0.0,0.0,30.0,14.0,16.0,3.0,2.0,1.0,9.0,9.0,0.0,33.0,18.0,15.0,0.0,0.0,0.0,22.0,7.0,15.0,2.0,2.0,0.0,9.0,9.0,0.0,9.0,7.0,2.0,0.0,0.0,0.0,8.0,7.0,1.0,1.0,0.0,1.0,0.0,0.0,0.0,1057.0,376.0,681.0,,
33.0,611.0,5755.0,803559.0,4.0,0.0,WARD,Devarshola (TP) WARD NO.-0004,Urban,425.0,1815.0,861.0,954.0,186.0,94.0,92.0,26.0,12.0,14.0,547.0,261.0,286.0,1270.0,640.0,630.0,545.0,221.0,324.0,827.0,510.0,317.0,763.0,484.0,279.0,13.0,12.0,1.0,174.0,101.0,73.0,24.0,5.0,19.0,552.0,366.0,186.0,64.0,26.0,38.0,4.0,4.0,0.0,11.0,5.0,6.0,17.0,1.0,16.0,32.0,16.0,16.0,43.0,19.0,24.0,4.0,4.0,0.0,8.0,3.0,5.0,11.0,0.0,11.0,20.0,12.0,8.0,21.0,7.0,14.0,0.0,0.0,0.0,3.0,2.0,1.0,6.0,1.0,5.0,12.0,4.0,8.0,988.0,351.0,637.0,,
33.0,611.0,5755.0,803559.0,5.0,0.0,WARD,Devarshola (TP) WARD NO.-0005,Urban,437.0,2006.0,1006.0,1000.0,244.0,116.0,128.0,203.0,106.0,97.0,306.0,149.0,157.0,1475.0,786.0,689.0,531.0,220.0,311.0,699.0,525.0,174.0,481.0,394.0,87.0,21.0,20.0,1.0,78.0,42.0,36.0,4.0,2.0,2.0,378.0,330.0,48.0,218.0,131.0,87.0,1.0,1.0,0.0,78.0,44.0,34.0,7.0,2.0,5.0,132.0,84.0,48.0,194.0,121.0,73.0,1.0,1.0,0.0,74.0,42.0,32.0,3.0,1.0,2.0,116.0,77.0,39.0,24.0,10.0,14.0,0.0,0.0,0.0,4.0,2.0,2.0,4.0,1.0,3.0,16.0,7.0,9.0,1307.0,481.0,826.0,,
33.0,611.0,5755.0,803559.0,6.0,0.0,WARD,Devarshola (TP) WARD NO.-0006,Urban,374.0,1580.0,769.0,811.0,172.0,96.0,76.0,367.0,174.0,193.0,118.0,55.0,63.0,1202.0,604.0,598.0,378.0,165.0,213.0,677.0,429.0,248.0,642.0,406.0,236.0,49.0,35.0,14.0,200.0,117.0,83.0,1.0,1.0,0.0,392.0,253.0,139.0,35.0,23.0,12.0,2.0,2.0,0.0,13.0,8.0,5.0,0.0,0.0,0.0,20.0,13.0,7.0,32.0,20.0,12.0,2.0,2.0,0.0,12.0,7.0,5.0,0.0,0.0,0.0,18.0,11.0,7.0,3.0,3.0,0.0,0.0,0.0,0.0,1.0,1.0,0.0,0.0,0.0,0.0,2.0,2.0,0.0,903.0,340.0,563.0,,
33.0,611.0,5755.0,803559.0,7.0,0.0,WARD,Devarshola (TP) WARD NO.-0007,Urban,408.0,2039.0,1024.0,1015.0,247.0,119.0,128.0,280.0,144.0,136.0,194.0,103.0,91.0,1465.0,781.0,684.0,574.0,243.0,331.0,701.0,541.0,160.0,684.0,529.0,155.0,30.0,30.0,0.0,284.0,185.0,99.0,5.0,5.0,0.0,365.0,309.0,56.0,17.0,12.0,5.0,0.0,0.0,0.0,5.0,3.0,2.0,0.0,0.0,0.0,12.0,9.0,3.0,17.0,12.0,5.0,0.0,0.0,0.0,5.0,3.0,2.0,0.0,0.0,0.0,12.0,9.0,3.0,0.0,0.0,0.0,0.0,0.0,0.0,0.0,0.0,0.0,0.0,0.0,0.0,0.0,0.0,0.0,1338.0,483.0,855.0,,
33.0,611.0,5755.0,803559.0,8.0,0.0,WARD,Devarshola (TP) WARD NO.-0008,Urban,595.0,2880.0,1389.0,1491.0,397.0,214.0,183.0,166.0,83.0,83.0,387.0,182.0,205.0,2049.0,1011.0,1038.0,831.0,378.0,453.0,1124.0,746.0,378.0,1082.0,716.0,366.0,72.0,47.0,25.0,446.0,229.0,217.0,3.0,2.0,1.0,561.0,438.0,123.0,42.0,30.0,12.0,1.0,1.0,0.0,3.0,2.0,1.0,1.0,0.0,1.0,37.0,27.0,10.0,42.0,30.0,12.0,1.0,1.0,0.0,3.0,2.0,1.0,1.0,0.0,1.0,37.0,27.0,10.0,0.0,0.0,0.0,0.0,0.0,0.0,0.0,0.0,0.0,0.0,0.0,0.0,0.0,0.0,0.0,1756.0,643.0,1113.0,,
33.0,611.0,5755.0,803559.0,9.0,0.0,WARD,Devarshola (TP) WARD NO.-0009,Urban,211.0,868.0,433.0,435.0,115.0,65.0,50.0,160.0,77.0,83.0,96.0,50.0,46.0,598.0,307.0,291.0,270.0,126.0,144.0,433.0,262.0,171.0,341.0,202.0,139.0,9.0,4.0,5.0,96.0,52.0,44.0,2.0,2.0,0.0,234.0,144.0,90.0,92.0,60.0,32.0,0.0,0.0,0.0,3.0,2.0,1.0,1.0,0.0,1.0,88.0,58.0,30.0,87.0,58.0,29.0,0.0,0.0,0.0,3.0,2.0,1.0,1.0,0.0,1.0,83.0,56.0,27.0,5.0,2.0,3.0,0.0,0.0,0.0,0.0,0.0,0.0,0.0,0.0,0.0,5.0,2.0,3.0,435.0,171.0,264.0,,
33.0,611.0,5755.0,803559.0,10.0,0.0,WARD,Devarshola (TP) WARD NO.-0010,Urban,464.0,1874.0,916.0,958.0,250.0,111.0,139.0,461.0,229.0,232.0,157.0,80.0,77.0,1399.0,718.0,681.0,475.0,198.0,277.0,1061.0,595.0,466.0,869.0,503.0,366.0,7.0,4.0,3.0,402.0,223.0,179.0,1.0,1.0,0.0,459.0,275.0,184.0,192.0,92.0,100.0,11.0,5.0,6.0,32.0,11.0,21.0,1.0,0.0,1.0,148.0,76.0,72.0,156.0,75.0,81.0,11.0,5.0,6.0,32.0,11.0,21.0,1.0,0.0,1.0,112.0,59.0,53.0,36.0,17.0,19.0,0.0,0.0,0.0,0.0,0.0,0.0,0.0,0.0,0.0,36.0,17.0,19.0,813.0,321.0,492.0,,
33.0,611.0,5755.0,803559.0,11.0,0.0,WARD,Devarshola (TP) WARD NO.-0011,Urban,294.0,1406.0,701.0,705.0,193.0,109.0,84.0,14.0,8.0,6.0,167.0,88.0,79.0,1027.0,532.0,495.0,379.0,169.0,210.0,466.0,331.0,135.0,249.0,185.0,64.0,35.0,24.0,11.0,15.0,9.0,6.0,1.0,1.0,0.0,198.0,151.0,47.0,217.0,146.0,71.0,15.0,10.0,5.0,111.0,69.0,42.0,2.0,1.0,1.0,89.0,66.0,23.0,207.0,139.0,68.0,14.0,9.0,5.0,109.0,68.0,41.0,2.0,1.0,1.0,82.0,61.0,21.0,10.0,7.0,3.0,1.0,1.0,0.0,2.0,1.0,1.0,0.0,0.0,0.0,7.0,5.0,2.0,940.0,370.0,570.0,,
33.0,611.0,5755.0,803559.0,12.0,0.0,WARD,Devarshola (TP) WARD NO.-0012,Urban,238.0,978.0,489.0,489.0,96.0,56.0,40.0,419.0,215.0,204.0,280.0,138.0,142.0,643.0,359.0,284.0,335.0,130.0,205.0,436.0,227.0,209.0,432.0,225.0,207.0,0.0,0.0,0.0,0.0,0.0,0.0,0.0,0.0,0.0,432.0,225.0,207.0,4.0,2.0,2.0,0.0,0.0,0.0,0.0,0.0,0.0,0.0,0.0,0.0,4.0,2.0,2.0,4.0,2.0,2.0,0.0,0.0,0.0,0.0,0.0,0.0,0.0,0.0,0.0,4.0,2.0,2.0,0.0,0.0,0.0,0.0,0.0,0.0,0.0,0.0,0.0,0.0,0.0,0.0,0.0,0.0,0.0,542.0,262.0,280.0,,
33.0,611.0,5755.0,803559.0,13.0,0.0,WARD,Devarshola (TP) WARD NO.-0013,Urban,207.0,887.0,426.0,461.0,78.0,35.0,43.0,255.0,132.0,123.0,0.0,0.0,0.0,705.0,360.0,345.0,182.0,66.0,116.0,304.0,214.0,90.0,302.0,214.0,88.0,0.0,0.0,0.0,2.0,2.0,0.0,3.0,2.0,1.0,297.0,210.0,87.0,2.0,0.0,2.0,1.0,0.0,1.0,0.0,0.0,0.0,0.0,0.0,0.0,1.0,0.0,1.0,2.0,0.0,2.0,1.0,0.0,1.0,0.0,0.0,0.0,0.0,0.0,0.0,1.0,0.0,1.0,0.0,0.0,0.0,0.0,0.0,0.0,0.0,0.0,0.0,0.0,0.0,0.0,0.0,0.0,0.0,583.0,212.0,371.0,,
33.0,611.0,5755.0,803559.0,14.0,0.0,WARD,Devarshola (TP) WARD NO.-0014,Urban,200.0,825.0,420.0,405.0,95.0,52.0,43.0,365.0,190.0,175.0,0.0,0.0,0.0,650.0,347.0,303.0,175.0,73.0,102.0,336.0,214.0,122.0,295.0,191.0,104.0,0.0,0.0,0.0,1.0,1.0,0.0,0.0,0.0,0.0,294.0,190.0,104.0,41.0,23.0,18.0,2.0,1.0,1.0,5.0,4.0,1.0,0.0,0.0,0.0,34.0,18.0,16.0,36.0,20.0,16.0,2.0,1.0,1.0,3.0,3.0,0.0,0.0,0.0,0.0,31.0,16.0,15.0,5.0,3.0,2.0,0.0,0.0,0.0,2.0,1.0,1.0,0.0,0.0,0.0,3.0,2.0,1.0,489.0,206.0,283.0,,
33.0,611.0,5755.0,803559.0,15.0,0.0,WARD,Devarshola (TP) WARD NO.-0015,Urban,215.0,885.0,411.0,474.0,89.0,43.0,46.0,83.0,37.0,46.0,4.0,2.0,2.0,694.0,349.0,345.0,191.0,62.0,129.0,425.0,251.0,174.0,229.0,144.0,85.0,15.0,9.0,6.0,31.0,22.0,9.0,2.0,1.0,1.0,181.0,112.0,69.0,196.0,107.0,89.0,6.0,2.0,4.0,61.0,39.0,22.0,2.0,1.0,1.0,127.0,65.0,62.0,173.0,92.0,81.0,6.0,2.0,4.0,61.0,39.0,22.0,2.0,1.0,1.0,104.0,50.0,54.0,23.0,15.0,8.0,0.0,0.0,0.0,0.0,0.0,0.0,0.0,0.0,0.0,23.0,15.0,8.0,460.0,160.0,300.0,,
33.0,611.0,5755.0,803559.0,16.0,0.0,WARD,Devarshola (TP) WARD NO.-0016,Urban,235.0,1131.0,594.0,537.0,132.0,60.0,72.0,555.0,300.0,255.0,0.0,0.0,0.0,884.0,494.0,390.0,247.0,100.0,147.0,436.0,282.0,154.0,433.0,280.0,153.0,0.0,0.0,0.0,216.0,137.0,79.0,2.0,0.0,2.0,215.0,143.0,72.0,3.0,2.0,1.0,0.0,0.0,0.0,1.0,1.0,0.0,0.0,0.0,0.0,2.0,1.0,1.0,2.0,1.0,1.0,0.0,0.0,0.0,0.0,0.0,0.0,0.0,0.0,0.0,2.0,1.0,1.0,1.0,1.0,0.0,0.0,0.0,0.0,1.0,1.0,0.0,0.0,0.0,0.0,0.0,0.0,0.0,695.0,312.0,383.0,,
33.0,611.0,5755.0,803559.0,17.0,0.0,WARD,Devarshola (TP) WARD NO.-0017,Urban,217.0,940.0,472.0,468.0,108.0,57.0,51.0,276.0,132.0,144.0,82.0,36.0,46.0,730.0,383.0,347.0,210.0,89.0,121.0,370.0,236.0,134.0,358.0,229.0,129.0,1.0,1.0,0.0,10.0,10.0,0.0,0.0,0.0,0.0,347.0,218.0,129.0,12.0,7.0,5.0,0.0,0.0,0.0,3.0,1.0,2.0,0.0,0.0,0.0,9.0,6.0,3.0,10.0,5.0,5.0,0.0,0.0,0.0,3.0,1.0,2.0,0.0,0.0,0.0,7.0,4.0,3.0,2.0,2.0,0.0,0.0,0.0,0.0,0.0,0.0,0.0,0.0,0.0,0.0,2.0,2.0,0.0,570.0,236.0,334.0,,
33.0,611.0,5755.0,803559.0,18.0,0.0,WARD,Devarshola (TP) WARD NO.-0018,Urban,264.0,1116.0,574.0,542.0,118.0,71.0,47.0,408.0,213.0,195.0,115.0,70.0,45.0,832.0,436.0,396.0,284.0,138.0,146.0,414.0,263.0,151.0,404.0,256.0,148.0,2.0,1.0,1.0,3.0,3.0,0.0,1.0,1.0,0.0,398.0,251.0,147.0,10.0,7.0,3.0,0.0,0.0,0.0,1.0,1.0,0.0,0.0,0.0,0.0,9.0,6.0,3.0,9.0,6.0,3.0,0.0,0.0,0.0,1.0,1.0,0.0,0.0,0.0,0.0,8.0,5.0,3.0,1.0,1.0,0.0,0.0,0.0,0.0,0.0,0.0,0.0,0.0,0.0,0.0,1.0,1.0,0.0,702.0,311.0,391.0,,
33.0,611.0,5755.0,803560.0,0.0,0.0,TOWN,Gudalur (M),Urban,12101.0,49535.0,24381.0,25154.0,5359.0,2719.0,2640.0,13702.0,6719.0,6983.0,1806.0,874.0,932.0,39370.0,20186.0,19184.0,10165.0,4195.0,5970.0,18807.0,13349.0,5458.0,17004.0,12262.0,4742.0,551.0,373.0,178.0,1759.0,1141.0,618.0,206.0,127.0,79.0,14488.0,10621.0,3867.0,1803.0,1087.0,716.0,90.0,67.0,23.0,278.0,158.0,120.0,119.0,53.0,66.0,1316.0,809.0,507.0,1495.0,913.0,582.0,82.0,59.0,23.0,246.0,136.0,110.0,103.0,45.0,58.0,1064.0,673.0,391.0,308.0,174.0,134.0,8.0,8.0,0.0,32.0,22.0,10.0,16.0,8.0,8.0,252.0,136.0,116.0,30728.0,11032.0,19696.0,,
33.0,611.0,5755.0,803560.0,1.0,0.0,WARD,Gudalur (M) WARD NO.-0001,Urban,619.0,2444.0,1207.0,1237.0,247.0,121.0,126.0,1070.0,535.0,535.0,8.0,6.0,2.0,1917.0,1028.0,889.0,527.0,179.0,348.0,926.0,631.0,295.0,895.0,612.0,283.0,1.0,1.0,0.0,1.0,0.0,1.0,0.0,0.0,0.0,893.0,611.0,282.0,31.0,19.0,12.0,2.0,1.0,1.0,0.0,0.0,0.0,0.0,0.0,0.0,29.0,18.0,11.0,27.0,15.0,12.0,2.0,1.0,1.0,0.0,0.0,0.0,0.0,0.0,0.0,25.0,14.0,11.0,4.0,4.0,0.0,0.0,0.0,0.0,0.0,0.0,0.0,0.0,0.0,0.0,4.0,4.0,0.0,1518.0,576.0,942.0,,
33.0,611.0,5755.0,803560.0,2.0,0.0,WARD,Gudalur (M) WARD NO.-0002,Urban,437.0,1628.0,789.0,839.0,149.0,77.0,72.0,355.0,195.0,160.0,2.0,0.0,2.0,1319.0,672.0,647.0,309.0,117.0,192.0,591.0,419.0,172.0,492.0,357.0,135.0,3.0,3.0,0.0,3.0,3.0,0.0,15.0,11.0,4.0,471.0,340.0,131.0,99.0,62.0,37.0,6.0,6.0,0.0,12.0,7.0,5.0,2.0,1.0,1.0,79.0,48.0,31.0,42.0,26.0,16.0,4.0,4.0,0.0,1.0,1.0,0.0,0.0,0.0,0.0,37.0,21.0,16.0,57.0,36.0,21.0,2.0,2.0,0.0,11.0,6.0,5.0,2.0,1.0,1.0,42.0,27.0,15.0,1037.0,370.0,667.0,,
33.0,611.0,5755.0,803560.0,3.0,0.0,WARD,Gudalur (M) WARD NO.-0003,Urban,524.0,2213.0,931.0,1282.0,190.0,78.0,112.0,575.0,232.0,343.0,1.0,0.0,1.0,1876.0,815.0,1061.0,337.0,116.0,221.0,714.0,492.0,222.0,708.0,490.0,218.0,0.0,0.0,0.0,82.0,54.0,28.0,5.0,3.0,2.0,621.0,433.0,188.0,6.0,2.0,4.0,0.0,0.0,0.0,0.0,0.0,0.0,0.0,0.0,0.0,6.0,2.0,4.0,1.0,0.0,1.0,0.0,0.0,0.0,0.0,0.0,0.0,0.0,0.0,0.0,1.0,0.0,1.0,5.0,2.0,3.0,0.0,0.0,0.0,0.0,0.0,0.0,0.0,0.0,0.0,5.0,2.0,3.0,1499.0,439.0,1060.0,,
33.0,611.0,5755.0,803560.0,4.0,0.0,WARD,Gudalur (M) WARD NO.-0004,Urban,547.0,2152.0,1052.0,1100.0,200.0,103.0,97.0,639.0,330.0,309.0,18.0,9.0,9.0,1853.0,928.0,925.0,299.0,124.0,175.0,738.0,550.0,188.0,700.0,528.0,172.0,1.0,1.0,0.0,11.0,7.0,4.0,3.0,2.0,1.0,685.0,518.0,167.0,38.0,22.0,16.0,0.0,0.0,0.0,1.0,1.0,0.0,6.0,3.0,3.0,31.0,18.0,13.0,21.0,13.0,8.0,0.0,0.0,0.0,0.0,0.0,0.0,1.0,1.0,0.0,20.0,12.0,8.0,17.0,9.0,8.0,0.0,0.0,0.0,1.0,1.0,0.0,5.0,2.0,3.0,11.0,6.0,5.0,1414.0,502.0,912.0,,
33.0,611.0,5755.0,803560.0,5.0,0.0,WARD,Gudalur (M) WARD NO.-0005,Urban,742.0,2890.0,1425.0,1465.0,346.0,179.0,167.0,542.0,277.0,265.0,156.0,74.0,82.0,2336.0,1194.0,1142.0,554.0,231.0,323.0,1030.0,784.0,246.0,1026.0,781.0,245.0,9.0,8.0,1.0,110.0,61.0,49.0,21.0,11.0,10.0,886.0,701.0,185.0,4.0,3.0,1.0,0.0,0.0,0.0,0.0,0.0,0.0,0.0,0.0,0.0,4.0,3.0,1.0,4.0,3.0,1.0,0.0,0.0,0.0,0.0,0.0,0.0,0.0,0.0,0.0,4.0,3.0,1.0,0.0,0.0,0.0,0.0,0.0,0.0,0.0,0.0,0.0,0.0,0.0,0.0,0.0,0.0,0.0,1860.0,641.0,1219.0,,
33.0,611.0,5755.0,803560.0,6.0,0.0,WARD,Gudalur (M) WARD NO.-0006,Urban,622.0,2371.0,1232.0,1139.0,221.0,113.0,108.0,339.0,180.0,159.0,2.0,0.0,2.0,2047.0,1089.0,958.0,324.0,143.0,181.0,854.0,675.0,179.0,823.0,654.0,169.0,5.0,2.0,3.0,14.0,13.0,1.0,21.0,8.0,13.0,783.0,631.0,152.0,31.0,21.0,10.0,1.0,1.0,0.0,1.0,1.0,0.0,3.0,1.0,2.0,26.0,18.0,8.0,28.0,19.0,9.0,1.0,1.0,0.0,1.0,1.0,0.0,2.0,0.0,2.0,24.0,17.0,7.0,3.0,2.0,1.0,0.0,0.0,0.0,0.0,0.0,0.0,1.0,1.0,0.0,2.0,1.0,1.0,1517.0,557.0,960.0,,
33.0,611.0,5755.0,803560.0,7.0,0.0,WARD,Gudalur (M) WARD NO.-0007,Urban,450.0,1838.0,880.0,958.0,224.0,113.0,111.0,1167.0,566.0,601.0,10.0,3.0,7.0,1387.0,709.0,678.0,451.0,171.0,280.0,881.0,509.0,372.0,828.0,486.0,342.0,11.0,8.0,3.0,336.0,151.0,185.0,21.0,14.0,7.0,460.0,313.0,147.0,53.0,23.0,30.0,5.0,2.0,3.0,8.0,3.0,5.0,4.0,0.0,4.0,36.0,18.0,18.0,47.0,21.0,26.0,5.0,2.0,3.0,7.0,3.0,4.0,3.0,0.0,3.0,32.0,16.0,16.0,6.0,2.0,4.0,0.0,0.0,0.0,1.0,0.0,1.0,1.0,0.0,1.0,4.0,2.0,2.0,957.0,371.0,586.0,,
33.0,611.0,5755.0,803560.0,8.0,0.0,WARD,Gudalur (M) WARD NO.-0008,Urban,507.0,2014.0,962.0,1052.0,226.0,102.0,124.0,1434.0,695.0,739.0,10.0,4.0,6.0,1614.0,824.0,790.0,400.0,138.0,262.0,849.0,495.0,354.0,810.0,474.0,336.0,2.0,2.0,0.0,101.0,51.0,50.0,2.0,2.0,0.0,705.0,419.0,286.0,39.0,21.0,18.0,1.0,1.0,0.0,7.0,2.0,5.0,1.0,1.0,0.0,30.0,17.0,13.0,38.0,21.0,17.0,1.0,1.0,0.0,7.0,2.0,5.0,1.0,1.0,0.0,29.0,17.0,12.0,1.0,0.0,1.0,0.0,0.0,0.0,0.0,0.0,0.0,0.0,0.0,0.0,1.0,0.0,1.0,1165.0,467.0,698.0,,
33.0,611.0,5755.0,803560.0,9.0,0.0,WARD,Gudalur (M) WARD NO.-0009,Urban,576.0,2284.0,1100.0,1184.0,240.0,127.0,113.0,1239.0,607.0,632.0,230.0,102.0,128.0,1722.0,871.0,851.0,562.0,229.0,333.0,995.0,642.0,353.0,975.0,633.0,342.0,18.0,16.0,2.0,5.0,5.0,0.0,10.0,5.0,5.0,942.0,607.0,335.0,20.0,9.0,11.0,0.0,0.0,0.0,0.0,0.0,0.0,0.0,0.0,0.0,20.0,9.0,11.0,16.0,8.0,8.0,0.0,0.0,0.0,0.0,0.0,0.0,0.0,0.0,0.0,16.0,8.0,8.0,4.0,1.0,3.0,0.0,0.0,0.0,0.0,0.0,0.0,0.0,0.0,0.0,4.0,1.0,3.0,1289.0,458.0,831.0,,
33.0,611.0,5755.0,803560.0,10.0,0.0,WARD,Gudalur (M) WARD NO.-0010,Urban,421.0,1811.0,871.0,940.0,201.0,100.0,101.0,825.0,395.0,430.0,0.0,0.0,0.0,1384.0,702.0,682.0,427.0,169.0,258.0,660.0,456.0,204.0,647.0,449.0,198.0,11.0,8.0,3.0,5.0,4.0,1.0,1.0,0.0,1.0,630.0,437.0,193.0,13.0,7.0,6.0,0.0,0.0,0.0,0.0,0.0,0.0,0.0,0.0,0.0,13.0,7.0,6.0,13.0,7.0,6.0,0.0,0.0,0.0,0.0,0.0,0.0,0.0,0.0,0.0,13.0,7.0,6.0,0.0,0.0,0.0,0.0,0.0,0.0,0.0,0.0,0.0,0.0,0.0,0.0,0.0,0.0,0.0,1151.0,415.0,736.0,,
33.0,611.0,5755.0,803560.0,11.0,0.0,WARD,Gudalur (M) WARD NO.-0011,Urban,670.0,2808.0,1420.0,1388.0,329.0,169.0,160.0,434.0,230.0,204.0,54.0,24.0,30.0,2304.0,1193.0,1111.0,504.0,227.0,277.0,948.0,762.0,186.0,880.0,718.0,162.0,2.0,2.0,0.0,24.0,19.0,5.0,12.0,5.0,7.0,842.0,692.0,150.0,68.0,44.0,24.0,0.0,0.0,0.0,4.0,2.0,2.0,1.0,1.0,0.0,63.0,41.0,22.0,60.0,39.0,21.0,0.0,0.0,0.0,4.0,2.0,2.0,1.0,1.0,0.0,55.0,36.0,19.0,8.0,5.0,3.0,0.0,0.0,0.0,0.0,0.0,0.0,0.0,0.0,0.0,8.0,5.0,3.0,1860.0,658.0,1202.0,,
33.0,611.0,5755.0,803560.0,12.0,0.0,WARD,Gudalur (M) WARD NO.-0012,Urban,414.0,1621.0,814.0,807.0,186.0,99.0,87.0,257.0,123.0,134.0,7.0,4.0,3.0,1358.0,702.0,656.0,263.0,112.0,151.0,552.0,446.0,106.0,524.0,432.0,92.0,5.0,5.0,0.0,6.0,5.0,1.0,8.0,7.0,1.0,505.0,415.0,90.0,28.0,14.0,14.0,2.0,0.0,2.0,1.0,0.0,1.0,0.0,0.0,0.0,25.0,14.0,11.0,21.0,10.0,11.0,2.0,0.0,2.0,1.0,0.0,1.0,0.0,0.0,0.0,18.0,10.0,8.0,7.0,4.0,3.0,0.0,0.0,0.0,0.0,0.0,0.0,0.0,0.0,0.0,7.0,4.0,3.0,1069.0,368.0,701.0,,
33.0,611.0,5755.0,803560.0,13.0,0.0,WARD,Gudalur (M) WARD NO.-0013,Urban,637.0,2629.0,1297.0,1332.0,326.0,161.0,165.0,330.0,154.0,176.0,0.0,0.0,0.0,2156.0,1098.0,1058.0,473.0,199.0,274.0,846.0,704.0,142.0,811.0,691.0,120.0,2.0,2.0,0.0,5.0,4.0,1.0,9.0,7.0,2.0,795.0,678.0,117.0,35.0,13.0,22.0,0.0,0.0,0.0,1.0,1.0,0.0,3.0,1.0,2.0,31.0,11.0,20.0,16.0,9.0,7.0,0.0,0.0,0.0,0.0,0.0,0.0,1.0,0.0,1.0,15.0,9.0,6.0,19.0,4.0,15.0,0.0,0.0,0.0,1.0,1.0,0.0,2.0,1.0,1.0,16.0,2.0,14.0,1783.0,593.0,1190.0,,
33.0,611.0,5755.0,803560.0,14.0,0.0,WARD,Gudalur (M) WARD NO.-0014,Urban,446.0,1821.0,903.0,918.0,191.0,107.0,84.0,489.0,234.0,255.0,77.0,33.0,44.0,1327.0,682.0,645.0,494.0,221.0,273.0,794.0,504.0,290.0,711.0,479.0,232.0,35.0,19.0,16.0,157.0,89.0,68.0,12.0,8.0,4.0,507.0,363.0,144.0,83.0,25.0,58.0,2.0,1.0,1.0,0.0,0.0,0.0,1.0,0.0,1.0,80.0,24.0,56.0,70.0,23.0,47.0,2.0,1.0,1.0,0.0,0.0,0.0,1.0,0.0,1.0,67.0,22.0,45.0,13.0,2.0,11.0,0.0,0.0,0.0,0.0,0.0,0.0,0.0,0.0,0.0,13.0,2.0,11.0,1027.0,399.0,628.0,,
33.0,611.0,5755.0,803560.0,15.0,0.0,WARD,Gudalur (M) WARD NO.-0015,Urban,527.0,2257.0,1147.0,1110.0,233.0,134.0,99.0,201.0,104.0,97.0,21.0,8.0,13.0,1897.0,972.0,925.0,360.0,175.0,185.0,849.0,632.0,217.0,742.0,559.0,183.0,29.0,19.0,10.0,49.0,35.0,14.0,0.0,0.0,0.0,664.0,505.0,159.0,107.0,73.0,34.0,9.0,9.0,0.0,3.0,2.0,1.0,1.0,0.0,1.0,94.0,62.0,32.0,103.0,72.0,31.0,9.0,9.0,0.0,3.0,2.0,1.0,1.0,0.0,1.0,90.0,61.0,29.0,4.0,1.0,3.0,0.0,0.0,0.0,0.0,0.0,0.0,0.0,0.0,0.0,4.0,1.0,3.0,1408.0,515.0,893.0,,
33.0,611.0,5755.0,803560.0,16.0,0.0,WARD,Gudalur (M) WARD NO.-0016,Urban,452.0,1986.0,987.0,999.0,185.0,98.0,87.0,100.0,50.0,50.0,232.0,125.0,107.0,1546.0,795.0,751.0,440.0,192.0,248.0,856.0,588.0,268.0,703.0,509.0,194.0,273.0,162.0,111.0,154.0,129.0,25.0,1.0,1.0,0.0,275.0,217.0,58.0,153.0,79.0,74.0,14.0,11.0,3.0,113.0,55.0,58.0,0.0,0.0,0.0,26.0,13.0,13.0,152.0,78.0,74.0,14.0,11.0,3.0,113.0,55.0,58.0,0.0,0.0,0.0,25.0,12.0,13.0,1.0,1.0,0.0,0.0,0.0,0.0,0.0,0.0,0.0,0.0,0.0,0.0,1.0,1.0,0.0,1130.0,399.0,731.0,,
33.0,611.0,5755.0,803560.0,17.0,0.0,WARD,Gudalur (M) WARD NO.-0017,Urban,575.0,2546.0,1302.0,1244.0,265.0,147.0,118.0,262.0,134.0,128.0,462.0,238.0,224.0,1794.0,954.0,840.0,752.0,348.0,404.0,1085.0,737.0,348.0,1051.0,712.0,339.0,16.0,14.0,2.0,295.0,223.0,72.0,12.0,7.0,5.0,728.0,468.0,260.0,34.0,25.0,9.0,2.0,2.0,0.0,10.0,8.0,2.0,0.0,0.0,0.0,22.0,15.0,7.0,31.0,22.0,9.0,2.0,2.0,0.0,10.0,8.0,2.0,0.0,0.0,0.0,19.0,12.0,7.0,3.0,3.0,0.0,0.0,0.0,0.0,0.0,0.0,0.0,0.0,0.0,0.0,3.0,3.0,0.0,1461.0,565.0,896.0,,
33.0,611.0,5755.0,803560.0,18.0,0.0,WARD,Gudalur (M) WARD NO.-0018,Urban,647.0,2453.0,1229.0,1224.0,228.0,119.0,109.0,469.0,234.0,235.0,343.0,169.0,174.0,1949.0,1004.0,945.0,504.0,225.0,279.0,1017.0,695.0,322.0,696.0,506.0,190.0,85.0,67.0,18.0,90.0,56.0,34.0,10.0,6.0,4.0,511.0,377.0,134.0,321.0,189.0,132.0,15.0,13.0,2.0,13.0,8.0,5.0,3.0,0.0,3.0,290.0,168.0,122.0,259.0,154.0,105.0,11.0,9.0,2.0,12.0,8.0,4.0,2.0,0.0,2.0,234.0,137.0,97.0,62.0,35.0,27.0,4.0,4.0,0.0,1.0,0.0,1.0,1.0,0.0,1.0,56.0,31.0,25.0,1436.0,534.0,902.0,,
33.0,611.0,5755.0,803560.0,19.0,0.0,WARD,Gudalur (M) WARD NO.-0019,Urban,814.0,3319.0,1640.0,1679.0,373.0,169.0,204.0,1077.0,530.0,547.0,5.0,2.0,3.0,2421.0,1285.0,1136.0,898.0,355.0,543.0,1104.0,900.0,204.0,885.0,725.0,160.0,1.0,0.0,1.0,3.0,3.0,0.0,8.0,5.0,3.0,873.0,717.0,156.0,219.0,175.0,44.0,0.0,0.0,0.0,0.0,0.0,0.0,18.0,4.0,14.0,201.0,171.0,30.0,208.0,167.0,41.0,0.0,0.0,0.0,0.0,0.0,0.0,16.0,3.0,13.0,192.0,164.0,28.0,11.0,8.0,3.0,0.0,0.0,0.0,0.0,0.0,0.0,2.0,1.0,1.0,9.0,7.0,2.0,2215.0,740.0,1475.0,,
33.0,611.0,5755.0,803560.0,20.0,0.0,WARD,Gudalur (M) WARD NO.-0020,Urban,837.0,3546.0,1738.0,1808.0,435.0,200.0,235.0,722.0,342.0,380.0,162.0,70.0,92.0,2886.0,1478.0,1408.0,660.0,260.0,400.0,1241.0,933.0,308.0,1049.0,792.0,257.0,25.0,22.0,3.0,294.0,219.0,75.0,21.0,15.0,6.0,709.0,536.0,173.0,192.0,141.0,51.0,2.0,2.0,0.0,87.0,60.0,27.0,1.0,0.0,1.0,102.0,79.0,23.0,147.0,104.0,43.0,1.0,1.0,0.0,75.0,48.0,27.0,1.0,0.0,1.0,70.0,55.0,15.0,45.0,37.0,8.0,1.0,1.0,0.0,12.0,12.0,0.0,0.0,0.0,0.0,32.0,24.0,8.0,2305.0,805.0,1500.0,,
33.0,611.0,5755.0,803560.0,21.0,0.0,WARD,Gudalur (M) WARD NO.-0021,Urban,637.0,2904.0,1455.0,1449.0,364.0,203.0,161.0,1176.0,572.0,604.0,6.0,3.0,3.0,2277.0,1191.0,1086.0,627.0,264.0,363.0,1277.0,795.0,482.0,1048.0,675.0,373.0,17.0,12.0,5.0,14.0,10.0,4.0,14.0,10.0,4.0,1003.0,643.0,360.0,229.0,120.0,109.0,29.0,18.0,11.0,17.0,8.0,9.0,75.0,41.0,34.0,108.0,53.0,55.0,191.0,102.0,89.0,28.0,17.0,11.0,12.0,6.0,6.0,73.0,39.0,34.0,78.0,40.0,38.0,38.0,18.0,20.0,1.0,1.0,0.0,5.0,2.0,3.0,2.0,2.0,0.0,30.0,13.0,17.0,1627.0,660.0,967.0,,
33.0,611.0,5755.0,803561.0,0.0,0.0,TOWN,O' Valley (TP),Urban,5307.0,21943.0,10672.0,11271.0,2203.0,1118.0,1085.0,9178.0,4497.0,4681.0,407.0,200.0,207.0,17122.0,8866.0,8256.0,4821.0,1806.0,3015.0,10350.0,5985.0,4365.0,8228.0,4866.0,3362.0,81.0,56.0,25.0,1875.0,1086.0,789.0,56.0,38.0,18.0,6216.0,3686.0,2530.0,2122.0,1119.0,1003.0,9.0,6.0,3.0,364.0,187.0,177.0,36.0,9.0,27.0,1713.0,917.0,796.0,1911.0,1019.0,892.0,9.0,6.0,3.0,310.0,164.0,146.0,29.0,5.0,24.0,1563.0,844.0,719.0,211.0,100.0,111.0,0.0,0.0,0.0,54.0,23.0,31.0,7.0,4.0,3.0,150.0,73.0,77.0,11593.0,4687.0,6906.0,,
33.0,611.0,5755.0,803561.0,1.0,0.0,WARD,O' Valley (TP) WARD NO.-0001,Urban,617.0,2734.0,1361.0,1373.0,290.0,165.0,125.0,454.0,222.0,232.0,161.0,78.0,83.0,2123.0,1094.0,1029.0,611.0,267.0,344.0,1380.0,783.0,597.0,1204.0,700.0,504.0,4.0,3.0,1.0,205.0,159.0,46.0,4.0,3.0,1.0,991.0,535.0,456.0,176.0,83.0,93.0,2.0,2.0,0.0,43.0,19.0,24.0,0.0,0.0,0.0,131.0,62.0,69.0,157.0,78.0,79.0,2.0,2.0,0.0,36.0,18.0,18.0,0.0,0.0,0.0,119.0,58.0,61.0,19.0,5.0,14.0,0.0,0.0,0.0,7.0,1.0,6.0,0.0,0.0,0.0,12.0,4.0,8.0,1354.0,578.0,776.0,,
33.0,611.0,5755.0,803561.0,2.0,0.0,WARD,O' Valley (TP) WARD NO.-0002,Urban,181.0,756.0,356.0,400.0,69.0,35.0,34.0,519.0,257.0,262.0,0.0,0.0,0.0,585.0,296.0,289.0,171.0,60.0,111.0,370.0,202.0,168.0,322.0,177.0,145.0,0.0,0.0,0.0,302.0,164.0,138.0,3.0,3.0,0.0,17.0,10.0,7.0,48.0,25.0,23.0,0.0,0.0,0.0,33.0,18.0,15.0,1.0,0.0,1.0,14.0,7.0,7.0,40.0,20.0,20.0,0.0,0.0,0.0,27.0,14.0,13.0,1.0,0.0,1.0,12.0,6.0,6.0,8.0,5.0,3.0,0.0,0.0,0.0,6.0,4.0,2.0,0.0,0.0,0.0,2.0,1.0,1.0,386.0,154.0,232.0,,
33.0,611.0,5755.0,803561.0,3.0,0.0,WARD,O' Valley (TP) WARD NO.-0003,Urban,211.0,835.0,409.0,426.0,69.0,36.0,33.0,712.0,350.0,362.0,0.0,0.0,0.0,589.0,315.0,274.0,246.0,94.0,152.0,466.0,246.0,220.0,262.0,150.0,112.0,0.0,0.0,0.0,101.0,54.0,47.0,0.0,0.0,0.0,161.0,96.0,65.0,204.0,96.0,108.0,0.0,0.0,0.0,2.0,1.0,1.0,0.0,0.0,0.0,202.0,95.0,107.0,186.0,89.0,97.0,0.0,0.0,0.0,2.0,1.0,1.0,0.0,0.0,0.0,184.0,88.0,96.0,18.0,7.0,11.0,0.0,0.0,0.0,0.0,0.0,0.0,0.0,0.0,0.0,18.0,7.0,11.0,369.0,163.0,206.0,,
33.0,611.0,5755.0,803561.0,4.0,0.0,WARD,O' Valley (TP) WARD NO.-0004,Urban,110.0,412.0,191.0,221.0,18.0,7.0,11.0,310.0,134.0,176.0,0.0,0.0,0.0,321.0,170.0,151.0,91.0,21.0,70.0,220.0,115.0,105.0,217.0,113.0,104.0,0.0,0.0,0.0,1.0,0.0,1.0,1.0,1.0,0.0,215.0,112.0,103.0,3.0,2.0,1.0,0.0,0.0,0.0,0.0,0.0,0.0,2.0,2.0,0.0,1.0,0.0,1.0,1.0,0.0,1.0,0.0,0.0,0.0,0.0,0.0,0.0,0.0,0.0,0.0,1.0,0.0,1.0,2.0,2.0,0.0,0.0,0.0,0.0,0.0,0.0,0.0,2.0,2.0,0.0,0.0,0.0,0.0,192.0,76.0,116.0,,
33.0,611.0,5755.0,803561.0,5.0,0.0,WARD,O' Valley (TP) WARD NO.-0005,Urban,470.0,1732.0,844.0,888.0,179.0,88.0,91.0,1179.0,571.0,608.0,30.0,17.0,13.0,1290.0,701.0,589.0,442.0,143.0,299.0,804.0,464.0,340.0,485.0,292.0,193.0,7.0,4.0,3.0,27.0,13.0,14.0,12.0,7.0,5.0,439.0,268.0,171.0,319.0,172.0,147.0,1.0,1.0,0.0,12.0,4.0,8.0,3.0,2.0,1.0,303.0,165.0,138.0,291.0,158.0,133.0,1.0,1.0,0.0,9.0,2.0,7.0,2.0,1.0,1.0,279.0,154.0,125.0,28.0,14.0,14.0,0.0,0.0,0.0,3.0,2.0,1.0,1.0,1.0,0.0,24.0,11.0,13.0,928.0,380.0,548.0,,
33.0,611.0,5755.0,803561.0,6.0,0.0,WARD,O' Valley (TP) WARD NO.-0006,Urban,485.0,2115.0,1038.0,1077.0,240.0,123.0,117.0,1095.0,528.0,567.0,11.0,5.0,6.0,1686.0,869.0,817.0,429.0,169.0,260.0,931.0,568.0,363.0,760.0,462.0,298.0,17.0,13.0,4.0,84.0,81.0,3.0,3.0,2.0,1.0,656.0,366.0,290.0,171.0,106.0,65.0,1.0,1.0,0.0,4.0,4.0,0.0,2.0,1.0,1.0,164.0,100.0,64.0,131.0,86.0,45.0,1.0,1.0,0.0,4.0,4.0,0.0,2.0,1.0,1.0,124.0,80.0,44.0,40.0,20.0,20.0,0.0,0.0,0.0,0.0,0.0,0.0,0.0,0.0,0.0,40.0,20.0,20.0,1184.0,470.0,714.0,,
33.0,611.0,5755.0,803561.0,7.0,0.0,WARD,O' Valley (TP) WARD NO.-0007,Urban,362.0,1486.0,717.0,769.0,133.0,69.0,64.0,409.0,206.0,203.0,56.0,25.0,31.0,1180.0,598.0,582.0,306.0,119.0,187.0,810.0,476.0,334.0,538.0,323.0,215.0,12.0,10.0,2.0,258.0,148.0,110.0,1.0,0.0,1.0,267.0,165.0,102.0,272.0,153.0,119.0,1.0,1.0,0.0,68.0,30.0,38.0,10.0,2.0,8.0,193.0,120.0,73.0,250.0,142.0,108.0,1.0,1.0,0.0,62.0,26.0,36.0,10.0,2.0,8.0,177.0,113.0,64.0,22.0,11.0,11.0,0.0,0.0,0.0,6.0,4.0,2.0,0.0,0.0,0.0,16.0,7.0,9.0,676.0,241.0,435.0,,
33.0,611.0,5755.0,803561.0,8.0,0.0,WARD,O' Valley (TP) WARD NO.-0008,Urban,399.0,1539.0,748.0,791.0,162.0,76.0,86.0,594.0,290.0,304.0,10.0,5.0,5.0,1133.0,615.0,518.0,406.0,133.0,273.0,683.0,405.0,278.0,668.0,399.0,269.0,24.0,17.0,7.0,134.0,57.0,77.0,3.0,2.0,1.0,507.0,323.0,184.0,15.0,6.0,9.0,0.0,0.0,0.0,3.0,1.0,2.0,4.0,1.0,3.0,8.0,4.0,4.0,9.0,4.0,5.0,0.0,0.0,0.0,2.0,1.0,1.0,0.0,0.0,0.0,7.0,3.0,4.0,6.0,2.0,4.0,0.0,0.0,0.0,1.0,0.0,1.0,4.0,1.0,3.0,1.0,1.0,0.0,856.0,343.0,513.0,,
33.0,611.0,5755.0,803561.0,9.0,0.0,WARD,O' Valley (TP) WARD NO.-0009,Urban,533.0,2019.0,1007.0,1012.0,209.0,102.0,107.0,1136.0,563.0,573.0,15.0,6.0,9.0,1641.0,870.0,771.0,378.0,137.0,241.0,1019.0,567.0,452.0,986.0,547.0,439.0,2.0,1.0,1.0,219.0,118.0,101.0,4.0,4.0,0.0,761.0,424.0,337.0,33.0,20.0,13.0,0.0,0.0,0.0,6.0,3.0,3.0,2.0,1.0,1.0,25.0,16.0,9.0,26.0,17.0,9.0,0.0,0.0,0.0,1.0,1.0,0.0,2.0,1.0,1.0,23.0,15.0,8.0,7.0,3.0,4.0,0.0,0.0,0.0,5.0,2.0,3.0,0.0,0.0,0.0,2.0,1.0,1.0,1000.0,440.0,560.0,,
33.0,611.0,5755.0,803561.0,10.0,0.0,WARD,O' Valley (TP) WARD NO.-0010,Urban,257.0,1167.0,577.0,590.0,100.0,50.0,50.0,623.0,308.0,315.0,0.0,0.0,0.0,979.0,507.0,472.0,188.0,70.0,118.0,568.0,318.0,250.0,550.0,310.0,240.0,2.0,1.0,1.0,0.0,0.0,0.0,1.0,0.0,1.0,547.0,309.0,238.0,18.0,8.0,10.0,0.0,0.0,0.0,0.0,0.0,0.0,0.0,0.0,0.0,18.0,8.0,10.0,13.0,7.0,6.0,0.0,0.0,0.0,0.0,0.0,0.0,0.0,0.0,0.0,13.0,7.0,6.0,5.0,1.0,4.0,0.0,0.0,0.0,0.0,0.0,0.0,0.0,0.0,0.0,5.0,1.0,4.0,599.0,259.0,340.0,,
33.0,611.0,5755.0,803561.0,11.0,0.0,WARD,O' Valley (TP) WARD NO.-0011,Urban,261.0,1168.0,563.0,605.0,102.0,43.0,59.0,444.0,220.0,224.0,0.0,0.0,0.0,921.0,481.0,440.0,247.0,82.0,165.0,522.0,309.0,213.0,519.0,306.0,213.0,0.0,0.0,0.0,194.0,100.0,94.0,3.0,1.0,2.0,322.0,205.0,117.0,3.0,3.0,0.0,0.0,0.0,0.0,0.0,0.0,0.0,0.0,0.0,0.0,3.0,3.0,0.0,2.0,2.0,0.0,0.0,0.0,0.0,0.0,0.0,0.0,0.0,0.0,0.0,2.0,2.0,0.0,1.0,1.0,0.0,0.0,0.0,0.0,0.0,0.0,0.0,0.0,0.0,0.0,1.0,1.0,0.0,646.0,254.0,392.0,,
33.0,611.0,5755.0,803561.0,12.0,0.0,WARD,O' Valley (TP) WARD NO.-0012,Urban,209.0,774.0,383.0,391.0,63.0,30.0,33.0,563.0,290.0,273.0,0.0,0.0,0.0,575.0,319.0,256.0,199.0,64.0,135.0,374.0,209.0,165.0,266.0,161.0,105.0,1.0,0.0,1.0,0.0,0.0,0.0,2.0,2.0,0.0,263.0,159.0,104.0,108.0,48.0,60.0,0.0,0.0,0.0,1.0,0.0,1.0,0.0,0.0,0.0,107.0,48.0,59.0,108.0,48.0,60.0,0.0,0.0,0.0,1.0,0.0,1.0,0.0,0.0,0.0,107.0,48.0,59.0,0.0,0.0,0.0,0.0,0.0,0.0,0.0,0.0,0.0,0.0,0.0,0.0,0.0,0.0,0.0,400.0,174.0,226.0,,
33.0,611.0,5755.0,803561.0,13.0,0.0,WARD,O' Valley (TP) WARD NO.-0013,Urban,102.0,384.0,191.0,193.0,17.0,7.0,10.0,316.0,155.0,161.0,0.0,0.0,0.0,286.0,164.0,122.0,98.0,27.0,71.0,200.0,107.0,93.0,122.0,59.0,63.0,0.0,0.0,0.0,0.0,0.0,0.0,1.0,1.0,0.0,121.0,58.0,63.0,78.0,48.0,30.0,0.0,0.0,0.0,0.0,0.0,0.0,0.0,0.0,0.0,78.0,48.0,30.0,71.0,46.0,25.0,0.0,0.0,0.0,0.0,0.0,0.0,0.0,0.0,0.0,71.0,46.0,25.0,7.0,2.0,5.0,0.0,0.0,0.0,0.0,0.0,0.0,0.0,0.0,0.0,7.0,2.0,5.0,184.0,84.0,100.0,,
33.0,611.0,5755.0,803561.0,14.0,0.0,WARD,O' Valley (TP) WARD NO.-0014,Urban,202.0,767.0,352.0,415.0,70.0,35.0,35.0,358.0,165.0,193.0,0.0,0.0,0.0,566.0,284.0,282.0,201.0,68.0,133.0,341.0,190.0,151.0,98.0,63.0,35.0,0.0,0.0,0.0,0.0,0.0,0.0,0.0,0.0,0.0,98.0,63.0,35.0,243.0,127.0,116.0,0.0,0.0,0.0,1.0,1.0,0.0,1.0,0.0,1.0,241.0,126.0,115.0,242.0,126.0,116.0,0.0,0.0,0.0,1.0,1.0,0.0,1.0,0.0,1.0,240.0,125.0,115.0,1.0,1.0,0.0,0.0,0.0,0.0,0.0,0.0,0.0,0.0,0.0,0.0,1.0,1.0,0.0,426.0,162.0,264.0,,
33.0,611.0,5755.0,803561.0,15.0,0.0,WARD,O' Valley (TP) WARD NO.-0015,Urban,213.0,768.0,377.0,391.0,72.0,36.0,36.0,126.0,66.0,60.0,0.0,0.0,0.0,609.0,319.0,290.0,159.0,58.0,101.0,343.0,227.0,116.0,259.0,185.0,74.0,0.0,0.0,0.0,7.0,3.0,4.0,2.0,2.0,0.0,250.0,180.0,70.0,84.0,42.0,42.0,0.0,0.0,0.0,0.0,0.0,0.0,1.0,0.0,1.0,83.0,42.0,41.0,74.0,34.0,40.0,0.0,0.0,0.0,0.0,0.0,0.0,1.0,0.0,1.0,73.0,34.0,39.0,10.0,8.0,2.0,0.0,0.0,0.0,0.0,0.0,0.0,0.0,0.0,0.0,10.0,8.0,2.0,425.0,150.0,275.0,,
33.0,611.0,5755.0,803561.0,16.0,0.0,WARD,O' Valley (TP) WARD NO.-0016,Urban,175.0,932.0,453.0,479.0,127.0,74.0,53.0,128.0,66.0,62.0,7.0,2.0,5.0,684.0,342.0,342.0,248.0,111.0,137.0,296.0,207.0,89.0,192.0,143.0,49.0,6.0,5.0,1.0,32.0,23.0,9.0,12.0,10.0,2.0,142.0,105.0,37.0,104.0,64.0,40.0,1.0,0.0,1.0,89.0,57.0,32.0,5.0,0.0,5.0,9.0,7.0,2.0,93.0,58.0,35.0,1.0,0.0,1.0,78.0,51.0,27.0,5.0,0.0,5.0,9.0,7.0,2.0,11.0,6.0,5.0,0.0,0.0,0.0,11.0,6.0,5.0,0.0,0.0,0.0,0.0,0.0,0.0,636.0,246.0,390.0,,
33.0,611.0,5755.0,803561.0,17.0,0.0,WARD,O' Valley (TP) WARD NO.-0017,Urban,221.0,955.0,462.0,493.0,133.0,73.0,60.0,130.0,66.0,64.0,91.0,49.0,42.0,738.0,356.0,382.0,217.0,106.0,111.0,514.0,286.0,228.0,382.0,223.0,159.0,3.0,0.0,3.0,217.0,118.0,99.0,3.0,0.0,3.0,159.0,105.0,54.0,132.0,63.0,69.0,2.0,1.0,1.0,67.0,32.0,35.0,5.0,0.0,5.0,58.0,30.0,28.0,128.0,59.0,69.0,2.0,1.0,1.0,67.0,32.0,35.0,5.0,0.0,5.0,54.0,26.0,28.0,4.0,4.0,0.0,0.0,0.0,0.0,0.0,0.0,0.0,0.0,0.0,0.0,4.0,4.0,0.0,441.0,176.0,265.0,,
33.0,611.0,5755.0,803561.0,18.0,0.0,WARD,O' Valley (TP) WARD NO.-0018,Urban,299.0,1400.0,643.0,757.0,150.0,69.0,81.0,82.0,40.0,42.0,26.0,13.0,13.0,1216.0,566.0,650.0,184.0,77.0,107.0,509.0,306.0,203.0,398.0,253.0,145.0,3.0,2.0,1.0,94.0,48.0,46.0,1.0,0.0,1.0,300.0,203.0,97.0,111.0,53.0,58.0,1.0,0.0,1.0,35.0,17.0,18.0,0.0,0.0,0.0,75.0,36.0,39.0,89.0,45.0,44.0,1.0,0.0,1.0,20.0,13.0,7.0,0.0,0.0,0.0,68.0,32.0,36.0,22.0,8.0,14.0,0.0,0.0,0.0,15.0,4.0,11.0,0.0,0.0,0.0,7.0,4.0,3.0,891.0,337.0,554.0,,
